sqldate,eventcode,actor1name,actor2name,sourceurl
20210101,130,GERMANY,,https://www.e110.de/terrorakte-vielleicht-verhindert/
20220101,043,,CHILE,http://www.funkuhr.de/fernsehprogramm/sendungsdetails/169446982/pumas-in-der-wildnis-patagoniens.html
20220101,112,,CRIMINAL,https://www.brasil247.com/brasil/bolsonaro-e-eleito-corrupto-do-ano-por-consorcio-internacional
20220101,046,,AUTHORITIES,https://ria.ru/20220102/status-1766397981.html
20220101,110,,PRIME MINISTER,https://www.aftenposten.no/verden/i/OrevnE/foerste-nyttaarsdag-ble-det-registrert-over-160000-koronatilfeller-i-en
20220101,190,,PRESIDENT,https://alquds.com/2022/01/01/%D8%A5%D8%B5%D8%A7%D8%A8%D8%A7%D8%AA-%D8%AE%D9%84%D8%A7%D9%84-%D9%85%D9%88%D8%A7%D8%AC%D9%87%D8%A7%D8%AA-%D9%81%D9%8A-%D8%A8%D8%B1%D9%82%D8%A9/
20220101,042,,ITALIAN,https://www.interris.it/copertina/perno-opbg-omicron-bambini/
20220101,051,,WORKER,https://www.franceguyane.fr/actualite/social/mobilisation-sociale-a-pointe-a-pitre-elie-domota-a-ete-arrete-493999.php
20220101,051,,WORKER,https://www.franceguyane.fr/actualite/social/mobilisation-sociale-a-pointe-a-pitre-elie-domota-a-ete-arrete-493999.php
20220101,1823,,MILITARY,https://www.franceguyane.fr/actualite/france/feminicides-deux-hommes-en-garde-a-vue-le-jour-du-nouvel-an-494064.php
20220101,043,,POLE,https://as.com/futbol/2022/01/01/primera/1641057005_745473.html
20220101,051,,SAUDI ARABIA,https://www.okaz.com.sa/news/na/2092790
20220101,051,,SAUDI ARABIA,https://www.okaz.com.sa/news/na/2092790
20220101,020,,INTELLIGENCE,https://www.diariolaprovinciasj.com/elpais/2022/1/1/cuales-son-los-sectores-que-tendran-mayor-demanda-laboral-en-2022-165873.html
20220101,042,,VENEZUELAN,https://noticias.uol.com.br/ultimas-noticias/efe/2022/01/01/chanceler-venezuelano-pede-que-bolsonaro-aprove-transferencia-de-migrantes.htm
20220101,020,,BASQUE,https://omirante.pt/cavaleiro-andante/2022-01-01-Em-Abrantes-nada-como-dantes-a2fb5365
20220101,050,,CATALAN,https://sport1.oslobodjenje.ba/s1/fudbal/ino-fudbal/primera/postigao-dogovor-sa-kataloncima-barcelona-sljedeceg-ljeta-dobija-veliko-pojacanje-721568
20220101,051,,INDIGENOUS,https://g1.globo.com/mundo/noticia/2022/01/01/a-epidemia-de-desaparecimentos-de-indigenas-que-intriga-os-eua.ghtml
20220101,051,,INDIGENOUS,https://g1.globo.com/mundo/noticia/2022/01/01/a-epidemia-de-desaparecimentos-de-indigenas-que-intriga-os-eua.ghtml
20220101,161,MADEIRA,,https://www.akhbarona.com/last/340605.html
20220101,112,BRAZIL,CRIMINAL,https://www.brasil247.com/brasil/bolsonaro-e-eleito-corrupto-do-ano-por-consorcio-internacional
20220101,112,BRAZIL,CRIMINAL,https://www.brasil247.com/brasil/bolsonaro-e-eleito-corrupto-do-ano-por-consorcio-internacional
20220101,100,BUSINESS,,https://pronedra.ru/znaki-vostochnogo-kalendarya-po-godu-rozhdeniya-kotorym-povezet-v-2022-godu-628853.html
20220101,090,COMPANY,ADMINISTRATION,https://www.republika.co.id/berita/r520kx430/jepang-bantu-perusahaan-bill-gates-bangun-reaktor-nuklir
20220101,112,COMPANIES,REPRESENTATIVES,https://www.alarab.com/Article/1018144
20220101,060,SWITZERLAND,,https://evz.ro/sinuciderea-asistata-este-acum-legala-austria-este-tara-care-a-decis-sa-curme-suferintele-bolnavilor.html
20220101,081,SWITZERLAND,,https://evz.ro/sinuciderea-asistata-este-acum-legala-austria-este-tara-care-a-decis-sa-curme-suferintele-bolnavilor.html
20220101,042,CHILE,,http://www.funkuhr.de/fernsehprogramm/sendungsdetails/169446982/pumas-in-der-wildnis-patagoniens.html
20220101,054,CHINA,EMBASSY,https://gordonua.com/news/worldnews/kitay-otkryl-posolstvo-v-nikaragua-posle-vozobnovleniya-diplomaticheskih-otnosheniy-1589047.html
20220101,020,COLOMBIA,COLOMBIA,https://www.colombia.com/actualidad/nacionales/12415-contagios-por-la-covid-19-registra-colombia-en-el-primer-dia-del-ano-2022-333346
20220101,180,PRISON,,https://pronedra.ru/zaprety-i-primety-rozhdestvenskogo-sochelnik-chto-gotovyat-v-prazdnik-628846.html
20220101,030,PRISON,ACADEMICS,https://www.notigape.com/trabajara-gobierno-municipal-por-bienestar-y-progreso-en-2022/243835
20220101,173,POLICE,FRANCE,https://www.franceguyane.fr/actualite/social/mobilisation-sociale-a-pointe-a-pitre-elie-domota-a-ete-arrete-493999.php
20220101,186,PERPETRATOR,BAMAKO,http://malijet.com/les_faits_divers_au_mali/265488-commissariat-de-police-du-11eme-arrondissement-fin-de-course-pou.html
20220101,010,COMMUNITY,,https://www.lopinionista.it/fico-ringrazia-mattarella-120130.html
20220101,111,RESIDENTS,,https://g1.globo.com/sp/piracicaba-regiao/noticia/2022/01/01/biblioteca-municipal-de-limeira-oferece-oficinas-gincana-show-e-sarau-durante-as-ferias-escolares.ghtml
20220101,1723,POPULATION,,https://gordonua.com/news/worldnews/vo-francii-v-novogodnyuyu-noch-sozhgli-874-mashiny-mvd-1589046.html
20220101,080,ACTOR,,https://www.interris.it/rubriche/opinione/affrontare-questioni-pressanti-luce-dottrina-sociale-chiesa/
20220101,0833,EUROPE,,https://www.brasil247.com/blog/brasil-para-principiantes
20220101,090,EUROPE,,https://alquds.com/2022/01/02/%D8%A3%D9%88%D8%B1%D9%88%D8%A8%D8%A7-%D8%AA%D8%AA%D8%AC%D8%A7%D9%88%D8%B2-%D8%B9%D8%AA%D8%A8%D8%A9-100-%D9%85%D9%84%D9%8A%D9%88%D9%86-%D8%A5%D8%B5%D8%A7%D8%A8%D8%A9-%D8%A8%D9%83%D9%88%D9%81%D9%8A/
20220101,112,EUROPEAN,BELARUS,https://www.skivefolkeblad.dk/artikel/8426302b-78a7-3353-beaa-8731a102cde4/
20220101,112,EUROPEAN,RUSSIA,https://www.skivefolkeblad.dk/artikel/8426302b-78a7-3353-beaa-8731a102cde4/
20220101,112,EUROPEAN,RUSSIA,https://www.skivefolkeblad.dk/artikel/8426302b-78a7-3353-beaa-8731a102cde4/
20220101,050,FRANCE,,https://as.com/futbol/2022/01/01/primera/1641057005_745473.html
20220101,141,PARIS,POLICE,https://noticias.uol.com.br/ultimas-noticias/deutschewelle/2022/01/01/franca-ve-queda-em-numero-de-carros-incendiados-no-ano-novo.htm
20220101,192,FRENCH,SYRIA,https://naslovi.net/2022-01-02/rtv/vremeplov-otvorena-prva-citaonica-u-knezevini-srbiji/29652721
20220101,192,FRANCE,SYRIA,https://naslovi.net/2022-01-02/rtv/vremeplov-otvorena-prva-citaonica-u-knezevini-srbiji/29652721
20220101,190,LILLE,YEMENI,https://www.okaz.com.sa/news/na/2092790
20220101,141,GUADELOUPE,,https://www.franceguyane.fr/actualite/social/mobilisation-sociale-a-pointe-a-pitre-elie-domota-a-ete-arrete-493999.php
20220101,172,CONAKRY,,http://malijet.com/actualite_economique_du_mali/265491-lutte-contre-la-fraude-et-la-contrebande-les-douanes-saisissent-.html
20220101,070,GAMBIA,NORWEGIAN,https://www.analisidifesa.it/2022/01/il-2021-ha-rilanciato-limmigrazione-illegale-su-vasta-scala-in-italia/
20220101,070,GAMBIA,NORWAY,https://www.analisidifesa.it/2022/01/il-2021-ha-rilanciato-limmigrazione-illegale-su-vasta-scala-in-italia/
20220101,070,GAMBIA,NORWEGIAN,https://www.analisidifesa.it/2022/01/il-2021-ha-rilanciato-limmigrazione-illegale-su-vasta-scala-in-italia/
20220101,190,PRESIDENT,,https://alquds.com/2022/01/01/%D8%A5%D8%B5%D8%A7%D8%A8%D8%A7%D8%AA-%D8%AE%D9%84%D8%A7%D9%84-%D9%85%D9%88%D8%A7%D8%AC%D9%87%D8%A7%D8%AA-%D9%81%D9%8A-%D8%A8%D8%B1%D9%82%D8%A9/
20220101,192,PRESIDENT,,https://alquds.com/2022/01/01/%D8%A5%D8%B5%D8%A7%D8%A8%D8%A7%D8%AA-%D8%AE%D9%84%D8%A7%D9%84-%D9%85%D9%88%D8%A7%D8%AC%D9%87%D8%A7%D8%AA-%D9%81%D9%8A-%D8%A8%D8%B1%D9%82%D8%A9/
20220101,020,MINISTRY,EMIRATI,https://www.akhbarona.com/world/340606.html
20220101,051,MINISTRY,EMIRATI,https://www.akhbarona.com/world/340606.html
20220101,071,GOVERNMENT,EUROPEAN,https://www.interris.it/rubriche/opinione/affrontare-questioni-pressanti-luce-dottrina-sociale-chiesa/
20220101,111,AUTHORITIES,EMPLOYEE,https://ria.ru/20220102/status-1766397981.html
20220101,0841,DIPLOMAT,PRISONER,https://www.republika.co.id/berita/r520da430/indiapakistan-tukar-daftar-tahanan
20220101,0841,DIPLOMAT,PRISONER,https://www.republika.co.id/berita/r520da430/indiapakistan-tukar-daftar-tahanan
20220101,1014,EMBASSY,UKRAINIAN,https://pronedra.ru/znaki-vostochnogo-kalendarya-po-godu-rozhdeniya-kotorym-povezet-v-2022-godu-628853.html
20220101,1014,EMBASSY,UKRAINIAN,https://pronedra.ru/znaki-vostochnogo-kalendarya-po-godu-rozhdeniya-kotorym-povezet-v-2022-godu-628853.html
20220101,036,MINIST OF EDUCATION,,https://www.diariolaprovinciasj.com/educacion/2022/1/1/el-ministerio-de-educacion-atendera-en-nuevo-horario-165874.html
20220101,013,MEDICAL ASSOCIATION,,https://www.aftenposten.no/verden/i/OrevnE/foerste-nyttaarsdag-ble-det-registrert-over-160000-koronatilfeller-i-en
20220101,120,DOCTOR,,https://kino.24tv.ua/ru/novogodnie-multfilmy-dlja-vsej-semi-dushevnaja-podborka-dlja_n1831930
20220101,120,DOCTOR,,https://kino.24tv.ua/ru/novogodnie-multfilmy-dlja-vsej-semi-dushevnaja-podborka-dlja_n1831930
20220101,010,CROATIAN,,https://madeinfoot.ouest-france.fr/infos/article-asm-l-as-monaco-officialise-le-depart-de-niko-kovac-officiel-364395.html
20220101,010,CROATIAN,,https://madeinfoot.ouest-france.fr/infos/article-asm-l-as-monaco-officialise-le-depart-de-niko-kovac-officiel-364395.html
20220101,042,CROATIAN,,https://madeinfoot.ouest-france.fr/infos/article-asm-l-as-monaco-officialise-le-depart-de-niko-kovac-officiel-364395.html
20220101,042,CROATIAN,,https://madeinfoot.ouest-france.fr/infos/article-asm-l-as-monaco-officialise-le-depart-de-niko-kovac-officiel-364395.html
20220101,043,JAKARTA,FLORIDA,https://www.republika.co.id/berita/r520u2384/ini-ketentuan-tes-antigen-di-stasiun
20220101,010,ISRAEL,,https://www.lematin.ch/story/apres-des-tirs-de-roquettes-frappes-israeliennes-sur-gaza-569823935907
20220101,061,ISRAEL,,https://www.alquds.co.uk/%D8%A7%D9%84%D8%AC%D9%8A%D8%B4-%D8%A7%D9%84%D8%A5%D8%B3%D8%B1%D8%A7%D8%A6%D9%8A%D9%84%D9%8A-%D9%8A%D9%82%D8%B5%D9%81-%D8%A3%D9%87%D8%AF%D8%A7%D9%81%D8%A7-%D9%81%D9%8A-%D9%82%D8%B7%D8%A7%D8%B9-%D8%BA/
20220101,190,ISRAELI,ISRAEL,https://ria.ru/20220102/status-1766397981.html
20220101,0871,ISRAEL,PALESTINIAN,https://www.alquds.co.uk/%D8%A7%D9%84%D8%AC%D9%8A%D8%B4-%D8%A7%D9%84%D8%A5%D8%B3%D8%B1%D8%A7%D8%A6%D9%8A%D9%84%D9%8A-%D9%8A%D9%82%D8%B5%D9%81-%D8%A3%D9%87%D8%AF%D8%A7%D9%81%D8%A7-%D9%81%D9%8A-%D9%82%D8%B7%D8%A7%D8%B9-%D8%BA/
20220101,190,ISRAELI,GAZA,https://ria.ru/20220102/udary-1766397744.html
20220101,194,ISRAEL,PALESTINIAN,https://www.lematin.ch/story/apres-des-tirs-de-roquettes-frappes-israeliennes-sur-gaza-569823935907
20220101,194,ISRAEL,HAMAS,https://www.lematin.ch/story/apres-des-tirs-de-roquettes-frappes-israeliennes-sur-gaza-569823935907
20220101,090,ISRAELI,,https://www.adn40.mx/internacional/israel-flurona-gripe-covid-19-pfp
20220101,010,ISRAELI,ISRAEL,https://www.notigape.com/israel-detecto-primer-caso-de-flurona-gripe-y-covid-19-en-simultaneo/243839
20220101,090,ISRAELI,ISRAEL,https://www.adn40.mx/internacional/israel-flurona-gripe-covid-19-pfp
20220101,190,ISRAELI,,https://ria.ru/20220102/status-1766397981.html
20220101,190,ISRAEL,ISRAEL,https://ria.ru/20220102/status-1766397981.html
20220101,190,ISRAEL,ISRAEL,https://ria.ru/20220102/udary-1766397744.html
20220101,190,ISRAELI,GAZA,https://ria.ru/20220102/status-1766397981.html
20220101,190,ISRAELI,GAZA,https://ria.ru/20220102/udary-1766397744.html
20220101,020,ISRAELI,ISRAELI,https://www.alarab.com/Article/1018146
20220101,043,ITALY,,https://www.analisidifesa.it/2022/01/il-2021-ha-rilanciato-limmigrazione-illegale-su-vasta-scala-in-italia/
20220101,173,ITALY,ALBANIA,http://www.oranews.tv/vendi/ky-eshte-shqiptari-i-arratisur-nga-burgu-ne-itali-naten-e-nderrimit-te-vit-i1023852
20220101,042,ITALY,ITALIAN,https://www.interris.it/copertina/perno-opbg-omicron-bambini/
20220101,043,ITALIAN,,https://www.interris.it/copertina/perno-opbg-omicron-bambini/
20220101,043,ITALIAN,ITALY,https://www.interris.it/copertina/perno-opbg-omicron-bambini/
20220101,010,JUDGE,,https://www.analisidifesa.it/2022/01/il-2021-ha-rilanciato-limmigrazione-illegale-su-vasta-scala-in-italia/
20220101,043,SOUTH KOREA,MUSLIM,https://portaljember.pikiran-rakyat.com/pariwisata/pr-163372393/7-destinasi-wisata-halal-di-korea-selatan-cocok-bagi-umat-muslim-yang-traveling-ke-negeri-ginseng
20220101,084,TRADE UNION,,https://www.franceguyane.fr/actualite/social/mobilisation-sociale-a-pointe-a-pitre-elie-domota-a-ete-arrete-493999.php
20220101,111,TRADE UNION,,https://www.franceguyane.fr/actualite/social/mobilisation-sociale-a-pointe-a-pitre-elie-domota-a-ete-arrete-493999.php
20220101,100,REPRESENTATIVES,VOTER,https://www.corriere.it/editoriali/22_gennaio_01/i-partiti-quirinaleche-cosa-serve-ora-paese-466c0010-6b3e-11ec-a3c8-e3c830b3b1de.shtml
20220101,120,REPRESENTATIVES,VOTER,https://www.corriere.it/editoriali/22_gennaio_01/i-partiti-quirinaleche-cosa-serve-ora-paese-466c0010-6b3e-11ec-a3c8-e3c830b3b1de.shtml
20220101,161,MONACO,,https://madeinfoot.ouest-france.fr/infos/article-asm-l-as-monaco-officialise-le-depart-de-niko-kovac-officiel-364395.html
20220101,161,MONACO,,https://madeinfoot.ouest-france.fr/infos/article-asm-l-as-monaco-officialise-le-depart-de-niko-kovac-officiel-364395.html
20220101,051,MILITARY,,https://www.okaz.com.sa/news/na/2092790
20220101,051,MILITARY,,https://www.okaz.com.sa/news/na/2092790
20220101,114,NAVY,,https://omirante.pt/sociedade/2022-01-01-Vila-Franca-de-Xira-vai-ter-de-realizar-mais-obras-para-ganhar-novo-tribunal-a4687496
20220101,190,MALI,,http://malijet.com/actualite-politique-au-mali/editorial-journaux-mali/265485-edito-le-pragmatisme-russe-aux-antipodes-des-th%C3%A9ories-fran%C3%A7aises.html
20220101,042,MUSLIM,SOUTH KOREA,https://portaljember.pikiran-rakyat.com/pariwisata/pr-163372393/7-destinasi-wisata-halal-di-korea-selatan-cocok-bagi-umat-muslim-yang-traveling-ke-negeri-ginseng
20220101,0841,PRISONER,DIPLOMAT,https://www.republika.co.id/berita/r520da430/indiapakistan-tukar-daftar-tahanan
20220101,042,POLE,,https://as.com/futbol/2022/01/01/primera/1641057005_745473.html
20220101,161,PORTUGAL,MADEIRA,https://www.akhbarona.com/last/340605.html
20220101,010,PALESTINIAN,,https://www.lematin.ch/story/apres-des-tirs-de-roquettes-frappes-israeliennes-sur-gaza-569823935907
20220101,010,PALESTINIAN,,https://www.lematin.ch/story/apres-des-tirs-de-roquettes-frappes-israeliennes-sur-gaza-569823935907
20220101,061,PALESTINIAN,,https://www.alquds.co.uk/%D8%A7%D9%84%D8%AC%D9%8A%D8%B4-%D8%A7%D9%84%D8%A5%D8%B3%D8%B1%D8%A7%D8%A6%D9%8A%D9%84%D9%8A-%D9%8A%D9%82%D8%B5%D9%81-%D8%A3%D9%87%D8%AF%D8%A7%D9%81%D8%A7-%D9%81%D9%8A-%D9%82%D8%B7%D8%A7%D8%B9-%D8%BA/
20220101,010,PALESTINIAN,ISRAEL,https://www.lematin.ch/story/apres-des-tirs-de-roquettes-frappes-israeliennes-sur-gaza-569823935907
20220101,010,PALESTINIAN,ISRAEL,https://www.lematin.ch/story/apres-des-tirs-de-roquettes-frappes-israeliennes-sur-gaza-569823935907
20220101,061,PALESTINIAN,ISRAEL,https://www.alquds.co.uk/%D8%A7%D9%84%D8%AC%D9%8A%D8%B4-%D8%A7%D9%84%D8%A5%D8%B3%D8%B1%D8%A7%D8%A6%D9%8A%D9%84%D9%8A-%D9%8A%D9%82%D8%B5%D9%81-%D8%A3%D9%87%D8%AF%D8%A7%D9%81%D8%A7-%D9%81%D9%8A-%D9%82%D8%B7%D8%A7%D8%B9-%D8%BA/
20220101,195,HAMAS,,https://alquds.com/2022/01/02/%D8%A7%D9%84%D8%A7%D8%AD%D8%AA%D9%84%D8%A7%D9%84-%D9%8A%D9%82%D8%B5%D9%81-%D9%85%D9%88%D9%82%D8%B9%D9%8B%D8%A7-%D9%84%D9%84%D9%85%D9%82%D8%A7%D9%88%D9%85%D8%A9-%D8%A8%D8%BA%D8%B2%D8%A9/
20220101,195,HAMAS,,https://alquds.com/2022/01/02/%D8%A7%D9%84%D8%A7%D8%AD%D8%AA%D9%84%D8%A7%D9%84-%D9%8A%D9%82%D8%B5%D9%81-%D9%85%D9%88%D9%82%D8%B9%D9%8B%D8%A7-%D9%84%D9%84%D9%85%D9%82%D8%A7%D9%88%D9%85%D8%A9-%D8%A8%D8%BA%D8%B2%D8%A9/
20220101,1712,POLITICIAN,,https://www.analisidifesa.it/2022/01/il-2021-ha-rilanciato-limmigrazione-illegale-su-vasta-scala-in-italia/
20220101,0833,ARCHBISHOP,,https://noticias.uol.com.br/ultimas-noticias/efe/2022/01/01/sul-africanos-se-despedem-de-desmond-tutu.htm
20220101,084,ROMANIA,,https://evz.ro/catalin-harnagea-fostul-sef-al-serviciului-extern-de-informatii-incepe-sa-scrie-in-evenimentul-zilei.html
20220101,010,RUSSIA,,https://www.volynnews.com/news/all/5-naykrutishykh-skarbiv-volynskoho-krayeznavchoho-muzeiu-foto/
20220101,010,RUSSIA,,https://kino.24tv.ua/ru/novogodnie-multfilmy-dlja-vsej-semi-dushevnaja-podborka-dlja_n1831930
20220101,111,RUSSIAN,,https://www.teleport2001.ru/news/2022-01-02/140398-zasukha-grozit-lyudyam-i-zhivotnym-iz-za-stroitelstva-plotiny-na-dalnem-vostoke.html
20220101,110,RUSSIAN,FRENCH,http://malijet.com/actualite-politique-au-mali/editorial-journaux-mali/265485-edito-le-pragmatisme-russe-aux-antipodes-des-th%C3%A9ories-fran%C3%A7aises.html
20220101,182,JEDDAH,FRANCE,https://www.la-croix.com/Dakar-2022-Al-Attiyah-auto-Sanders-moto-remportent-prologue-concurrent-blesse-explosion-2022-01-01-1301192706
20220101,182,JEDDAH,FRANCE,https://www.la-croix.com/Dakar-2022-Al-Attiyah-auto-Sanders-moto-remportent-prologue-concurrent-blesse-explosion-2022-01-01-1301192706
20220101,182,JEDDAH,FRENCH,https://www.la-croix.com/Dakar-2022-Al-Attiyah-auto-Sanders-moto-remportent-prologue-concurrent-blesse-explosion-2022-01-01-1301192706
20220101,182,JEDDAH,FRANCE,https://www.la-croix.com/Dakar-2022-Al-Attiyah-auto-Sanders-moto-remportent-prologue-concurrent-blesse-explosion-2022-01-01-1301192706
20220101,120,SAUDI,SAUDI ARABIA,https://www.la-croix.com/Dakar-2022-Al-Attiyah-auto-Sanders-moto-remportent-prologue-concurrent-blesse-explosion-2022-01-01-1301192706
20220101,060,SENEGAL,,https://www.la-croix.com/Dakar-2022-Al-Attiyah-auto-Sanders-moto-remportent-prologue-concurrent-blesse-explosion-2022-01-01-1301192706
20220101,060,DAKAR,,https://www.la-croix.com/Dakar-2022-Al-Attiyah-auto-Sanders-moto-remportent-prologue-concurrent-blesse-explosion-2022-01-01-1301192706
20220101,180,SETTLER,ISRAEL,https://www.alarab.com/Article/1018146
20220101,180,SETTLER,PALESTINIAN,https://www.alarab.com/Article/1018146
20220101,193,SETTLER,GUNMEN,https://alquds.com/2022/01/02/%D8%A7%D9%84%D9%85%D9%82%D8%A7%D9%88%D9%85%D8%A9-%D8%A7%D9%84%D8%B4%D8%B9%D8%A8%D9%8A%D8%A9-%D8%AA%D8%B3%D8%AA%D8%B9%D8%B1-%D9%81%D9%8A-%D8%B4%D9%85%D8%A7%D9%84-%D8%A7%D9%84%D8%B6%D9%81%D8%A9/
20220101,036,SYRIAN,SYRIAN,https://www.alarab.com/Article/1018149
20220101,036,SYRIAN,SYRIAN,https://www.alarab.com/Article/1018149
20220101,036,SYRIAN,SYRIAN,https://www.alarab.com/Article/1018149
20220101,036,SYRIAN,SYRIAN,https://www.alarab.com/Article/1018149
20220101,023,UKRAINIAN,,https://kino.24tv.ua/ru/novogodnie-multfilmy-dlja-vsej-semi-dushevnaja-podborka-dlja_n1831930
20220101,090,WYOMING,,https://g1.globo.com/mundo/noticia/2022/01/01/a-epidemia-de-desaparecimentos-de-indigenas-que-intriga-os-eua.ghtml
20220101,042,FLORIDA,JAKARTA,https://www.republika.co.id/berita/r520u2384/ini-ketentuan-tes-antigen-di-stasiun
20220101,190,YEMENI,LILLE,https://www.okaz.com.sa/news/na/2092790
20220101,010,YEMENI,PERSIAN,https://www.okaz.com.sa/news/na/2092790
20220101,050,CATALAN,,https://sport1.oslobodjenje.ba/s1/fudbal/ino-fudbal/primera/postigao-dogovor-sa-kataloncima-barcelona-sljedeceg-ljeta-dobija-veliko-pojacanje-721568
20220101,141,SLAVIC,TARA,https://www.kramatorsk.info/view/272909
20220101,141,SLAVIC,UKRAINE,https://www.kramatorsk.info/view/272909
20210102,051,POLAND,,https://logistyka.rp.pl/drogowy/art19249821-na-ten-rok-w-planach-oddanie-do-uzytku-345-km-drog-krajowych
20210102,051,POLISH,,https://logistyka.rp.pl/drogowy/art19249821-na-ten-rok-w-planach-oddanie-do-uzytku-345-km-drog-krajowych
20210102,051,POLISH,,https://logistyka.rp.pl/drogowy/art19249821-na-ten-rok-w-planach-oddanie-do-uzytku-345-km-drog-krajowych
20220102,036,,BUENOS AIRES,https://urgente24.com/actualidad/tragedia-palermo-asesino-al-volante-alcohol-y-muerte-n531977
20220102,100,,BUSINESS,https://www.eluniversal.com.mx/cartera/concanaco-pide-comercios-mantener-medidas-sanitarias-y-evitar-cierres-por-ola-de-covid
20220102,190,,TYCOON,https://revistamonet.globo.com/Celebridades/noticia/2022/01/look-de-jeff-bezos-um-dos-homens-mais-ricos-do-mundo-no-reveillon-rende-piadas-nas-redes-meio-vin-diesel-meio-agostinho-carrara.html
20220102,112,,CALGARY,https://www.journaldemontreal.com/2022/01/02/manifestations-anti-covid-un-pasteur-et-son-frere-arretes-par-calgary
20220102,0841,,POLICE,https://www.hoydiariodelmagdalena.com.co/archivos/613756
20220102,036,,SCHOOL,https://olhardireto.com.br/noticias/exibir.asp?id=496488&noticia=porto-relembra-dificuldades-com-45-dos-estudantes-sem-internet-e-projeta-2022-como-melhor-ano-letivo-da-historia
20220102,042,,SCHOOL,https://olhardireto.com.br/noticias/exibir.asp?id=496488&noticia=porto-relembra-dificuldades-com-45-dos-estudantes-sem-internet-e-projeta-2022-como-melhor-ano-letivo-da-historia
20220102,042,,FRANCE,https://www.mdzol.com/deportes/2022/1/2/cuando-vuelve-lionel-messi-su-posible-debut-con-el-psg-en-2022-212536.html
20220102,042,,FRANCE,https://www.mdzol.com/deportes/2022/1/2/cuando-vuelve-lionel-messi-su-posible-debut-con-el-psg-en-2022-212536.html
20220102,141,,THE UK,https://www.clarin.com/opinion/malvinas-pasado-presente-conflicto_0_4JQu1pJwH.html
20220102,042,,UNITED KINGDOM,https://www.elbotola.com/article/2022-01-02-22-03-111.html
20220102,042,,UNITED KINGDOM,https://www.elbotola.com/article/2022-01-02-22-03-111.html
20220102,040,,KINGDOM,https://alghad.com/%D9%88%D8%B2%D9%8A%D8%B1-%D8%A7%D9%84%D8%AE%D8%A7%D8%B1%D8%AC%D9%8A%D8%A9-%D8%A7%D9%84%D8%B3%D8%B9%D9%88%D8%AF%D9%8A-%D9%81%D9%8A-%D8%B9%D9%85%D8%A7%D9%86/
20220102,046,,MINIST,https://alghad.com/%D9%88%D8%B2%D9%8A%D8%B1-%D8%A7%D9%84%D8%AE%D8%A7%D8%B1%D8%AC%D9%8A%D8%A9-%D8%A7%D9%84%D8%B3%D8%B9%D9%88%D8%AF%D9%8A-%D9%81%D9%8A-%D8%B9%D9%85%D8%A7%D9%86/
20220102,046,,KINGDOM,https://alghad.com/%D9%88%D8%B2%D9%8A%D8%B1-%D8%A7%D9%84%D8%AE%D8%A7%D8%B1%D8%AC%D9%8A%D8%A9-%D8%A7%D9%84%D8%B3%D8%B9%D9%88%D8%AF%D9%8A-%D9%81%D9%8A-%D8%B9%D9%85%D8%A7%D9%86/
20220102,057,,GOVERNMENT,https://www.cas.sk/clanok/2626553/predseda-civilnej-vlady-v-sudane-oznamil-svoju-rezignaciu-snazil-som-sa-zo-vsetkych-sil/
20220102,084,,PRESIDENT,https://www.lematin.ch/story/lhomme-fort-du-parti-ennahdha-hospitalise-dans-un-etat-critique-474086927675
20220102,141,,AUTHORITIES,http://lratvakan.com/news/76958.html
20220102,141,,AUTHORITIES,https://lugradar.net/2022/01/337334
20220102,042,,UNITED NATIONS,http://www.hispantv.com/noticias/palestina/535010/preso-israel-huelga-hambre
20220102,014,,ISRAELI,https://itongadol.com/coronavirus/coronavirus-en-israel-se-espera-que-tres-millones-de-israelies-se-infecten-con-el-virus
20220102,051,,ISRAEL,http://www.hispantv.com/noticias/palestina/535010/preso-israel-huelga-hambre
20220102,053,,ISRAEL,http://www.hispantv.com/noticias/palestina/535010/preso-israel-huelga-hambre
20220102,043,,JORDAN,https://alghad.com/%D9%85%D8%B9%D8%B1%D8%B6-%D8%A3%D8%B1%D8%AF%D9%86%D9%8A-%D9%84%D9%84%D8%AA%D8%AC%D8%A7%D8%B1%D8%A9-%D9%88%D8%A7%D9%84%D8%AE%D8%AF%D9%85%D8%A7%D8%AA-%D9%8A%D9%86%D8%B7%D9%84%D9%82-%D9%81%D9%8A-%D8%B3/
20220102,130,,LAWYER,https://www.vesti-online.com/stopiran-otkaz-za-nevakcinisanog-cuvara-reda/
20220102,042,,ANTANANARIVO,http://www.taringa.net/+salud_bienestar/la-proxima-gran-pandemia-la-resistencia-a-antibioticos-ya-esta-aqui_4zonot/
20220102,071,,OAXACA,https://oaxaca.eluniversal.com.mx/estatal/aumenta-congreso-de-oaxaca-presupuesto-de-comision-forestal-en-14-mdp
20220102,043,,MACHU PICCHU,https://www.segnidalcielo.it/peru-un-turista-fotografa-un-ufo-sullantica-citta-di-machu-picchu/
20220102,053,,PALESTINE,http://www.hispantv.com/noticias/palestina/535010/preso-israel-huelga-hambre
20220102,051,,PALESTINE,http://www.hispantv.com/noticias/palestina/535010/preso-israel-huelga-hambre
20220102,053,,PALESTINE,http://www.hispantv.com/noticias/palestina/535010/preso-israel-huelga-hambre
20220102,043,,SAINT,https://g1.globo.com/sp/santos-regiao/porto-mar/noticia/2022/01/02/anvisa-reforca-urgencia-em-acabar-com-temporada-de-cruzeiros-e-fala-em-risco-a-saude-publica.ghtml
20220102,051,,SETTLER,https://www.eluniversal.com.mx/ciencia-y-salud/tras-aparente-extincion-el-pez-picote-tequila-fue-reintegrado-su-habitat
20220102,020,,TURKEY,https://eleftherostypos.gr/ellinotourkika/880814-empristikos-o-akar-ebale-xio-samo-kai-oinousses-sto-stoma-tis-tourkias/
20220102,036,,THE WHITE HOUSE,https://pronedra.ru/v21-pervye-pervye-simptomy-pnevmonii-pomogut-svoevremenno-nachat-lechenie-i-soxranit-zhizn-439639.html
20220102,041,,THE WHITE HOUSE,https://pronedra.ru/v21-pervye-pervye-simptomy-pnevmonii-pomogut-svoevremenno-nachat-lechenie-i-soxranit-zhizn-439639.html
20220102,112,FARMER,MINIST OF ENVIRONMENT,https://www.diariolibre.com/actualidad/sucesos/2022/01/02/acusan-ganaderos-de-provocar-incendios-en-sierra-de-bahoruco/1563459
20220102,0356,ARGENTINIAN,,https://www.clarin.com/opinion/malvinas-primeros-200-anos-_0_7SMJC2Ult.html
20220102,036,BUENOS AIRES,,https://urgente24.com/actualidad/tragedia-palermo-asesino-al-volante-alcohol-y-muerte-n531977
20220102,080,ARGENTINA,,https://www.clarin.com/opinion/malvinas-pasado-presente-conflicto_0_4JQu1pJwH.html
20220102,160,ARGENTINA,FALKLANDS,https://www.clarin.com/opinion/malvinas-pasado-presente-conflicto_0_4JQu1pJwH.html
20220102,190,BELGIAN,BELGIUM,https://geeko.lesoir.be/2022/01/02/une-entreprise-belge-lutte-contre-contre-le-gaspillage-pharmaceutique/
20220102,190,BELGIAN,,https://geeko.lesoir.be/2022/01/02/une-entreprise-belge-lutte-contre-contre-le-gaspillage-pharmaceutique/
20220102,112,BELARUSIAN,BELARUS,http://www.kvir.ru/author/andre-galinin/
20220102,190,BELARUSIAN,BELARUS,http://www.kvir.ru/author/andre-galinin/
20220102,051,BRAZIL,ARGENTINE,https://www.clarin.com/opinion/malvinas-pasado-presente-conflicto_0_4JQu1pJwH.html
20220102,010,BRAZIL,BRAZIL,https://www.clarin.com/opinion/malvinas-pasado-presente-conflicto_0_4JQu1pJwH.html
20220102,010,BRAZIL,BRAZIL,https://www.clarin.com/opinion/malvinas-pasado-presente-conflicto_0_4JQu1pJwH.html
20220102,012,TYCOON,,https://revistamonet.globo.com/Celebridades/noticia/2022/01/look-de-jeff-bezos-um-dos-homens-mais-ricos-do-mundo-no-reveillon-rende-piadas-nas-redes-meio-vin-diesel-meio-agostinho-carrara.html
20220102,090,COMPANY,,https://e24.no/ledige-stillinger/s/Kzeo24/har-du-inkasso-erfaring-men-kan-tenke-deg-strre-ansvar
20220102,145,BUSINESS,,https://www.limburger.nl/cnt/dmf20220102_97854382
20220102,160,AIRLINE,,https://es.investing.com/news/stock-market-news/disrupciones-relacionadas-con-omicron-provocan-mas-de-4000-cancelaciones-de-vuelos-en-inicio-de-2022-2199117
20220102,190,TYCOON,,https://revistamonet.globo.com/Celebridades/noticia/2022/01/look-de-jeff-bezos-um-dos-homens-mais-ricos-do-mundo-no-reveillon-rende-piadas-nas-redes-meio-vin-diesel-meio-agostinho-carrara.html
20220102,020,AIRLINE,EMPLOYEE,https://es.investing.com/news/stock-market-news/disrupciones-relacionadas-con-omicron-provocan-mas-de-4000-cancelaciones-de-vuelos-en-inicio-de-2022-2199117
20220102,030,BUSINESS,,https://www.eluniversal.com.mx/nacion/tras-vacaciones-de-invierno-sep-se-declara-lista-para-retorno-actividades-escolares-presenciales
20220102,173,CALGARY,CALGARY,https://www.journaldemontreal.com/2022/01/02/manifestations-anti-covid-un-pasteur-et-son-frere-arretes-par-calgary
20220102,175,CALGARY,DEMONSTRATOR,https://www.journaldemontreal.com/2022/01/02/manifestations-anti-covid-un-pasteur-et-son-frere-arretes-par-calgary
20220102,051,ORTHODOX CHRISTIAN,SAINT,https://www.mngz.ru/russia-world-sensation/2464160-v-vargashinskom-rayone-sotrudniki-policii-proveli-20-profilakticheskih-besed-so-shkolnikami.html
20220102,051,ORTHODOX CHRISTIAN,SAINT,https://pronedra.ru/pozdravleniya-ko-dnyu-svyatoj-anastasii-4-yanvarya-tradiczii-prazdnika-630226.html
20220102,090,POLICE,,https://www.noviny.sk/krimi/652963-mrtvy-muz-v-aute-telo-hladaneho-slovenskeho-policajta-nasli-v-polsku
20220102,192,POLICE OFFICER,,https://www.hoydiariodelmagdalena.com.co/archivos/613776
20220102,193,POLICE OFFICER,,https://www.ensonhaber.com/3-sayfa/adanada-silahli-kavgaya-mudahale-eden-polis-vuruldu
20220102,190,POLICE,ACTIVIST,http://lratvakan.com/news/76958.html
20220102,010,PERPETRATOR,CREATIVITY,https://www.hespress.com/%D8%AA%D8%AC%D8%A7%D9%88%D8%B2-%D9%88%D8%B1%D8%B7%D8%A9-%D8%B9%D8%B5%D8%B1-%D8%A7%D9%84%D8%B9%D8%AA%D9%85%D8%A9-925188.html
20220102,172,VILLAGE,,https://www.volynnews.com/news/all/cherez-novorichni-feyerverky-v-chernivtsiakh-zahynuly-desiatky-ptakhiv/
20220102,010,COMMUNITY,POLICE,https://www.hoydiariodelmagdalena.com.co/archivos/613752
20220102,042,GERMAN,LISBON,https://naslovi.net/2022-01-03/blic/zarobljeni-u-luci-nemacki-kruzer-usidren-do-daljeg-u-lisabonu-zbog-izbijanja-epidemije-korona-virusa/29657724
20220102,042,GERMAN,LISBON,https://naslovi.net/2022-01-03/blic/zarobljeni-u-luci-nemacki-kruzer-usidren-do-daljeg-u-lisabonu-zbog-izbijanja-epidemije-korona-virusa/29657724
20220102,010,UNIVERSITY,,https://www.elmanana.com/cae-ex-rector-de-la-uabjo-por-fraude/5475695
20220102,036,STUDENT,,https://olhardireto.com.br/noticias/exibir.asp?id=496488&noticia=porto-relembra-dificuldades-com-45-dos-estudantes-sem-internet-e-projeta-2022-como-melhor-ano-letivo-da-historia
20220102,036,SCHOOL,,https://olhardireto.com.br/noticias/exibir.asp?id=496488&noticia=porto-relembra-dificuldades-com-45-dos-estudantes-sem-internet-e-projeta-2022-como-melhor-ano-letivo-da-historia
20220102,043,SCHOOL,,https://olhardireto.com.br/noticias/exibir.asp?id=496488&noticia=porto-relembra-dificuldades-com-45-dos-estudantes-sem-internet-e-projeta-2022-como-melhor-ano-letivo-da-historia
20220102,1721,SCHOOL,,https://itongadol.com/coronavirus/coronavirus-en-israel-se-espera-que-tres-millones-de-israelies-se-infecten-con-el-virus
20220102,042,STUDENT,OAXACA,https://oaxaca.eluniversal.com.mx/sociedad/regresan-clases-mas-de-874-mil-estudiantes-de-oaxaca-este-3-de-enero
20220102,071,ACTOR,,https://bagikanberita.pikiran-rakyat.com/bisnis/pr-683379835/rezeki-senin-ceria-khusus-wanita-berjiwa-entrepreneur-dapat-pinjaman-tanpa-agunan-rp25-juta-di-pnm-mekaar-plus
20220102,1821,ACTOR,BANDUNG,https://www.pikiran-rakyat.com/nasional/pr-013379874/genting-susi-pudjiastuti-desak-ruu-pks-disahkan-perlu-berapa-banyak-lagi-korban
20220102,010,MADRID,,https://es.euronews.com/2022/01/02/espana-dice-no-a-la-propuesta-de-bruselas-de-incluir-la-energia-nuclear-y-el-gas-en-su-pla
20220102,111,EUROPEAN,,https://1prime.ru/business/20220103/835674504.html
20220102,020,FINNISH,RUSSIA,https://www.geopolitica.ru/news/vlasti-finlyandii-zagovorili-o-vstuplenii-v-nato
20220102,042,UNITED KINGDOM,UNITED KINGDOM,https://www.elbotola.com/article/2022-01-02-22-03-111.html
20220102,042,UNITED KINGDOM,UNITED KINGDOM,https://www.elbotola.com/article/2022-01-02-22-03-111.html
20220102,043,UNITED KINGDOM,,https://www.elbotola.com/article/2022-01-02-22-03-111.html
20220102,043,UNITED KINGDOM,,https://www.elbotola.com/article/2022-01-02-22-03-111.html
20220102,043,UNITED KINGDOM,UNITED KINGDOM,https://www.elbotola.com/article/2022-01-02-22-03-111.html
20220102,043,UNITED KINGDOM,UNITED KINGDOM,https://www.elbotola.com/article/2022-01-02-22-03-111.html
20220102,010,AUTHORITIES,,https://www.telemundo.com/noticias/noticias-telemundo/clima/no-esto-no-es-una-broma-llovieron-peces-en-texas-poco-antes-de-fin-de-rcna10639
20220102,012,SECRETARIAT,,https://olhardireto.com.br/noticias/exibir.asp?id=496488&noticia=porto-relembra-dificuldades-com-45-dos-estudantes-sem-internet-e-projeta-2022-como-melhor-ano-letivo-da-historia
20220102,014,MINISTRY,,https://tsn.ua/ru/svit/izrail-odobril-chetvertuyu-covid-privivku-dlya-medrabotnikov-i-lyudey-ot-60-let-1945456.html
20220102,040,KINGDOM,,https://alghad.com/%D9%88%D8%B2%D9%8A%D8%B1-%D8%A7%D9%84%D8%AE%D8%A7%D8%B1%D8%AC%D9%8A%D8%A9-%D8%A7%D9%84%D8%B3%D8%B9%D9%88%D8%AF%D9%8A-%D9%81%D9%8A-%D8%B9%D9%85%D8%A7%D9%86/
20220102,040,KINGDOM,,https://alghad.com/%D9%88%D8%B2%D9%8A%D8%B1-%D8%A7%D9%84%D8%AE%D8%A7%D8%B1%D8%AC%D9%8A%D8%A9-%D8%A7%D9%84%D8%B3%D8%B9%D9%88%D8%AF%D9%8A-%D9%81%D9%8A-%D8%B9%D9%85%D8%A7%D9%86/
20220102,046,MINIST,,https://alghad.com/%D9%88%D8%B2%D9%8A%D8%B1-%D8%A7%D9%84%D8%AE%D8%A7%D8%B1%D8%AC%D9%8A%D8%A9-%D8%A7%D9%84%D8%B3%D8%B9%D9%88%D8%AF%D9%8A-%D9%81%D9%8A-%D8%B9%D9%85%D8%A7%D9%86/
20220102,046,KINGDOM,,https://alghad.com/%D9%88%D8%B2%D9%8A%D8%B1-%D8%A7%D9%84%D8%AE%D8%A7%D8%B1%D8%AC%D9%8A%D8%A9-%D8%A7%D9%84%D8%B3%D8%B9%D9%88%D8%AF%D9%8A-%D9%81%D9%8A-%D8%B9%D9%85%D8%A7%D9%86/
20220102,057,GOVERNMENT,,https://www.cas.sk/clanok/2626553/predseda-civilnej-vlady-v-sudane-oznamil-svoju-rezignaciu-snazil-som-sa-zo-vsetkych-sil/
20220102,073,AUTHORITIES,,https://www.mbl.is/frettir/erlent/2022/01/02/heilbrigdisstarfsmenn_fa_fjorda_skammtinn/
20220102,090,GOVERNMENT,,https://newpost.gr/kosmos/61d20c59922542136ad20343/italia-koronoios-i-kyvernisi-exetazei-to-endehomeno-ypohreotikoy-emvoliasmoy-gia-oloys-toys-ano-ton-18-eton
20220102,160,GOVERNMENT,INDUSTRY,https://www.rp.pl/praca/art19248621-wielka-brytania-przedluza-program-wizowy-dla-pracownikow-z-ue
20220102,090,AUTHORITIES,CRIMINAL,https://sledcom.ru/news/item/1645072/
20220102,014,DIRECTOR GENERAL,ISRAELI,https://itongadol.com/coronavirus/coronavirus-en-israel-se-espera-que-tres-millones-de-israelies-se-infecten-con-el-virus
20220102,043,GOVERNMENT,DEMONSTRATOR,http://lratvakan.com/news/76958.html
20220102,043,GOVERNMENT,DEMONSTRATOR,https://lugradar.net/2022/01/337334
20220102,046,MINIST,DEMONSTRATOR,https://www.journaldemontreal.com/2022/01/02/manifestations-anti-covid-un-pasteur-et-son-frere-arretes-par-calgary
20220102,030,GOVERNMENT,GUERRILLA,https://www.hoydiariodelmagdalena.com.co/archivos/613800
20220102,020,AUTHORITIES,RUSSIAN FEDERATION,https://lugradar.net/2022/01/337336
20220102,020,AUTHORITIES,RUSSIAN FEDERATION,https://lugradar.net/2022/01/337319
20220102,040,PRESIDENT,RUSSIA,https://tsn.ua/ru/politika/bayden-i-zelenskiy-proveli-telefonnye-peregovory-chto-izvestno-1945450.html
20220102,041,PRESIDENT,RUSSIA,https://tsn.ua/ru/politika/bayden-i-zelenskiy-proveli-telefonnye-peregovory-chto-izvestno-1945450.html
20220102,041,PRESIDENT,RUSSIA,https://tsn.ua/ru/politika/bayden-i-zelenskiy-proveli-telefonnye-peregovory-chto-izvestno-1945450.html
20220102,010,MINIST OF HEALTH,,https://www.mdzol.com/sociedad/2022/1/2/coronavirus-en-argentina-mas-de-20000-casos-23-fallecidos-212523.html
20220102,010,DOCTOR,,https://pronedra.ru/v21-pervye-pervye-simptomy-pnevmonii-pomogut-svoevremenno-nachat-lechenie-i-soxranit-zhizn-439639.html
20220102,013,HOSPITAL,,https://pronedra.ru/v21-pervye-pervye-simptomy-pnevmonii-pomogut-svoevremenno-nachat-lechenie-i-soxranit-zhizn-439639.html
20220102,193,DOCTOR,POLICE OFFICER,https://pronedra.ru/v21-pervye-pervye-simptomy-pnevmonii-pomogut-svoevremenno-nachat-lechenie-i-soxranit-zhizn-439639.html
20220102,193,DOCTOR,POLICE OFFICER,https://www.mngz.ru/russia-world-sensation/2463989-v-gorode-rezh-sotrudnikami-sledstvennogo-komiteta-vozbuzhdeno-ugolovnoe-delo-po-faktu-ubiystva-iz-revnosti-medic.html
20220102,193,DOCTOR,POLICE OFFICER,https://www.mngz.ru/russia-world-sensation/2463989-v-gorode-rezh-sotrudnikami-sledstvennogo-komiteta-vozbuzhdeno-ugolovnoe-delo-po-faktu-ubiystva-iz-revnosti-medic.html
20220102,172,HAITI,,https://www.diariolibre.com/actualidad/sucesos/2022/01/02/acusan-ganaderos-de-provocar-incendios-en-sierra-de-bahoruco/1563459
20220102,090,THE EUROPEAN UNION,,https://lugradar.net/2022/01/337336
20220102,043,UNITED NATIONS,,http://www.hispantv.com/noticias/palestina/535010/preso-israel-huelga-hambre
20220102,020,ISRAELI,WORKER,https://g1.globo.com/mundo/noticia/2022/01/02/israel-comeca-a-aplicar-quarta-dose-da-vacina-contra-a-covid.ghtml
20220102,051,ISRAEL,PALESTINE,http://www.hispantv.com/noticias/palestina/535010/preso-israel-huelga-hambre
20220102,053,ISRAEL,PALESTINE,http://www.hispantv.com/noticias/palestina/535010/preso-israel-huelga-hambre
20220102,142,ISRAEL,PALESTINE,http://www.hispantv.com/noticias/palestina/535010/preso-israel-huelga-hambre
20220102,042,JORDAN,,https://alghad.com/%D9%85%D8%B9%D8%B1%D8%B6-%D8%A3%D8%B1%D8%AF%D9%86%D9%8A-%D9%84%D9%84%D8%AA%D8%AC%D8%A7%D8%B1%D8%A9-%D9%88%D8%A7%D9%84%D8%AE%D8%AF%D9%85%D8%A7%D8%AA-%D9%8A%D9%86%D8%B7%D9%84%D9%82-%D9%81%D9%8A-%D8%B3/
20220102,0234,FEDERAL COURT,,https://www.elmanana.com/cae-ex-rector-de-la-uabjo-por-fraude/5475695
20220102,084,JUDGE,,https://www.vesti-online.com/stopiran-otkaz-za-nevakcinisanog-cuvara-reda/
20220102,173,PUBLIC PROSECUTOR,,https://www.hoydiariodelmagdalena.com.co/archivos/613776
20220102,010,LAWYER,MELBOURNE,https://www.vesti-online.com/samo-pisani-testament-je-vazeci/
20220102,114,PUBLIC PROSECUTOR,OAXACA,https://oaxaca.eluniversal.com.mx/municipios/denuncian-ante-el-ieepco-edil-de-ocotlan-oaxaca-por-violencia-politica-de-genero
20220102,112,LAWYER,UNITED STATES,https://www.diariolibre.com/usa/revista/2022/01/02/juez-impide-que-bloqueo-de-demanda-contra-el-principe-andres/1563621
20220102,030,EMPLOYEE,,https://es.investing.com/news/stock-market-news/goldman-sachs-pide-a-sus-empleados-estadounidenses-que-trabajen-desde-casa-hasta-el-18-de-enero-2199115
20220102,010,CONGRESS,,https://www.telemundo.com/noticias/noticias-telemundo/clima/no-esto-no-es-una-broma-llovieron-peces-en-texas-poco-antes-de-fin-de-rcna10639
20220102,010,STATE DUMA,,https://www.ridus.ru/news/370096
20220102,083,SENATE,,https://sipse.com/mexico/las-breves-del-senado-inclusion-y-derechos-de-las-personas-sordas-415533.html
20220102,013,MEXICO,,https://sipse.com/mexico/isste-se-prepara-para-la-cuarta-ola-de-la-pandemia-por-covid-19-en-mexico-415544.html
20220102,190,COMMANDER,,https://www.antaranews.com/berita/2620221/dilan-series-gelar-audisi-terbuka-untuk-cari-pemain
20220102,017,COMMANDER,ISLAMIC,http://www.hispantv.com/noticias/siria/535008/iran-siria-relaciones-cooperacion
20220102,017,COMMANDER,ISLAMIC,http://www.hispantv.com/noticias/siria/535008/iran-siria-relaciones-cooperacion
20220102,195,FIGHTER PLANE,SAUDI,http://www.hispantv.com/noticias/yemen/535011/ataque-saudi-mezquita-muertos
20220102,195,FIGHTER PLANE,SAUDI,http://www.hispantv.com/noticias/yemen/535011/ataque-saudi-mezquita-muertos
20220102,195,FIGHTER PLANE,SAUDI,http://www.hispantv.com/noticias/yemen/535011/ataque-saudi-mezquita-muertos
20220102,070,MILITARY POLICE,,https://g1.globo.com/sp/santos-regiao/noticia/2022/01/02/prefeito-de-peruibe-critica-atuacao-da-policia-militar-contra-pancadoes-no-reveillon-caos-na-seguranca.ghtml
20220102,020,NAVAL,AMBASSADOR,https://sipse.com/mexico/las-breves-del-senado-inclusion-y-derechos-de-las-personas-sordas-415533.html
20220102,020,GOLDMAN SACHS,AMERICAN,https://es.investing.com/news/stock-market-news/goldman-sachs-pide-a-sus-empleados-estadounidenses-que-trabajen-desde-casa-hasta-el-18-de-enero-2199115
20220102,020,VERIZON,REUTERS,https://es.investing.com/news/stock-market-news/presidentes-ejecutivos-de-att-y-verizon-rechazan-peticion-de-eeuu-de-retrasar-despliegue-del-5g-2199124
20220102,120,VERIZON,REUTERS,https://es.investing.com/news/stock-market-news/presidentes-ejecutivos-de-att-y-verizon-rechazan-peticion-de-eeuu-de-retrasar-despliegue-del-5g-2199124
20220102,113,PROTESTER,,http://lratvakan.com/news/76958.html
20220102,113,PROTESTER,,https://lugradar.net/2022/01/337334
20220102,112,DETAINEE,BELARUSIAN,http://www.kvir.ru/author/andre-galinin/
20220102,190,DETAINEE,BELARUSIAN,http://www.kvir.ru/author/andre-galinin/
20220102,141,DEMONSTRATOR,CALGARY,https://www.journaldemontreal.com/2022/01/02/manifestations-anti-covid-un-pasteur-et-son-frere-arretes-par-calgary
20220102,145,PROTESTER,SECURITY FORCE,https://www.expressen.se/nyheter/efter-protesterna--sudans-premiarminister-avgar/
20220102,190,ACTIVIST,POLICE,http://lratvakan.com/news/76958.html
20220102,042,DEMONSTRATOR,GOVERNMENT,https://lugradar.net/2022/01/337334
20220102,046,DEMONSTRATOR,MINIST,https://www.journaldemontreal.com/2022/01/02/manifestations-anti-covid-un-pasteur-et-son-frere-arretes-par-calgary
20220102,145,DEMONSTRATOR,GOVERNMENT,http://lratvakan.com/news/76958.html
20220102,145,DEMONSTRATOR,GOVERNMENT,https://lugradar.net/2022/01/337334
20220102,130,PRISONER,TEL AVIV,http://www.hispantv.com/noticias/palestina/535010/preso-israel-huelga-hambre
20220102,020,ACTIVIST,NATIONAL ASSEMBLY,http://lratvakan.com/news/76958.html
20220102,020,ACTIVIST,NATIONAL ASSEMBLY,https://lugradar.net/2022/01/337334
20220102,042,MACHU PICCHU,,https://www.segnidalcielo.it/peru-un-turista-fotografa-un-ufo-sullantica-citta-di-machu-picchu/
20220102,020,POLAND,UKRAINIAN,https://www.volynnews.com/news/all/chomu-v-polshchi-vse-chastishe-napadaiut-na-zarobitchan-z-ukrayiny/
20220102,020,POLAND,UKRAINIAN,https://www.volynnews.com/news/all/chomu-v-polshchi-vse-chastishe-napadaiut-na-zarobitchan-z-ukrayiny/
20220102,090,POLISH,UKRAINIAN,https://www.volynnews.com/news/all/chomu-v-polshchi-vse-chastishe-napadaiut-na-zarobitchan-z-ukrayiny/
20220102,090,POLISH,UKRAINIAN,https://www.volynnews.com/news/all/chomu-v-polshchi-vse-chastishe-napadaiut-na-zarobitchan-z-ukrayiny/
20220102,020,POLAND,UKRAINIAN,https://www.volynnews.com/news/all/chomu-v-polshchi-vse-chastishe-napadaiut-na-zarobitchan-z-ukrayiny/
20220102,090,POLISH,UKRAINIAN,https://www.volynnews.com/news/all/chomu-v-polshchi-vse-chastishe-napadaiut-na-zarobitchan-z-ukrayiny/
20220102,090,POLAND,UKRAINE,https://www.volynnews.com/news/all/chomu-v-polshchi-vse-chastishe-napadaiut-na-zarobitchan-z-ukrayiny/
20220102,043,LISBON,GERMAN,https://naslovi.net/2022-01-03/blic/zarobljeni-u-luci-nemacki-kruzer-usidren-do-daljeg-u-lisabonu-zbog-izbijanja-epidemije-korona-virusa/29657724
20220102,043,LISBON,GERMAN,https://naslovi.net/2022-01-03/blic/zarobljeni-u-luci-nemacki-kruzer-usidren-do-daljeg-u-lisabonu-zbog-izbijanja-epidemije-korona-virusa/29657724
20220102,020,PALESTINIAN,,http://www.hispantv.com/noticias/palestina/535010/preso-israel-huelga-hambre
20220102,1831,SUICIDE BOMBER,KABUL,https://www.journaldemontreal.com/2022/01/02/en-afghanistan-les-femmes-victimes-de-violences-abandonnees-a-leur-sort-1
20220102,042,SAINT,,https://g1.globo.com/sp/santos-regiao/porto-mar/noticia/2022/01/02/anvisa-reforca-urgencia-em-acabar-com-temporada-de-cruzeiros-e-fala-em-risco-a-saude-publica.ghtml
20220102,014,ROMANIA,,https://ziare.com/sorin-grindeanu/grindeanu-acuzatii-drula-autostrada-brasov-ploiesti-licitatie-studiu-fezabilitate-1718214
20220102,130,RUSSIAN,EGYPTIAN,https://aif.ru/society/genkonsulstvo_rf_v_hurgade_predupredilo_o_zaderzhkah_reysov_iz-za_nepogody
20220102,046,RUSSIA,TURKEY,https://www.geopolitica.ru/news/putin-i-erdogan-obsudili-garantii-bezopasnosti-mezhdu-rf-i-nato
20220102,112,RUSSIA,UKRAINE,https://www.cas.sk/cl/1003185/2626559/biden-telefonoval-s-ukrajinskym-prezidentom-usa-budu-na-rusku-invaziu-reagovat
20220102,120,RUSSIA,UKRAINE,https://www.cas.sk/cl/1003185/2626559/biden-telefonoval-s-ukrajinskym-prezidentom-usa-budu-na-rusku-invaziu-reagovat
20220102,120,RUSSIA,UKRAINE,https://www.cas.sk/cl/1003185/2626559/biden-telefonoval-s-ukrajinskym-prezidentom-usa-budu-na-rusku-invaziu-reagovat
20220102,046,VLADIMIR,JOE BIDEN,https://gazeta.ua/articles/politics/_rozmova-zelenskogo-ta-bajdena-pro-scho-govorili-lideri/1065472
20220102,040,RUSSIA,PRESIDENT,https://tsn.ua/ru/politika/bayden-i-zelenskiy-proveli-telefonnye-peregovory-chto-izvestno-1945450.html
20220102,195,SAUDI,,http://www.hispantv.com/noticias/yemen/535011/ataque-saudi-mezquita-muertos
20220102,195,SAUDI,SAUDI ARABIA,http://www.hispantv.com/noticias/yemen/535011/ataque-saudi-mezquita-muertos
20220102,180,SENEGAL,,https://www.elmundo.es/comunidad-valenciana/castellon/2022/01/02/61d1ffb121efa045798b4589.html
20220102,172,SYRIAN,,https://correio.rac.com.br/agencias/agencia-estado/2022/01/1153709-israel-aprova-plano-para-dobrar-numero-de-colonos-nas-colinas-do-golan.html
20220102,193,ADANA,POLICE,https://www.ensonhaber.com/3-sayfa/adanada-silahli-kavgaya-mudahale-eden-polis-vuruldu
20220102,041,TURKEY,RUSSIA,https://www.geopolitica.ru/news/putin-i-erdogan-obsudili-garantii-bezopasnosti-mezhdu-rf-i-nato
20220102,046,TURKEY,RUSSIA,https://www.geopolitica.ru/news/putin-i-erdogan-obsudili-garantii-bezopasnosti-mezhdu-rf-i-nato
20220102,046,TURKEY,RUSSIA,https://www.geopolitica.ru/news/putin-i-erdogan-obsudili-garantii-bezopasnosti-mezhdu-rf-i-nato
20220102,050,UKRAINE,,https://www.lematin.ch/story/joe-biden-assure-au-president-ukrainien-de-son-soutien-face-a-la-russie-753628635749
20220102,051,UKRAINE,,https://www.volynnews.com/news/all/chomu-v-polshchi-vse-chastishe-napadaiut-na-zarobitchan-z-ukrayiny/
20220102,051,UKRAINE,,https://www.volynnews.com/news/all/chomu-v-polshchi-vse-chastishe-napadaiut-na-zarobitchan-z-ukrayiny/
20220102,173,UKRAINIAN,,https://kosice.korzar.sme.sk/c/22812499/rusi-12-rokov-patrali-po-ukrajincovi-obvinenom-z-vrazdy-uz-je-v-kosickej-vaznici.html
20220102,173,UKRAINE,CHINA,https://kosice.korzar.sme.sk/c/22812499/rusi-12-rokov-patrali-po-ukrajincovi-obvinenom-z-vrazdy-uz-je-v-kosickej-vaznici.html
20220102,190,UKRAINE,CHINA,https://kosice.korzar.sme.sk/c/22812499/rusi-12-rokov-patrali-po-ukrajincovi-obvinenom-z-vrazdy-uz-je-v-kosickej-vaznici.html
20220102,051,UKRAINE,RUSSIA,https://www.lematin.ch/story/joe-biden-assure-au-president-ukrainien-de-son-soutien-face-a-la-russie-753628635749
20220102,032,UKRAINE,RUSSIA,https://www.lematin.ch/story/joe-biden-assure-au-president-ukrainien-de-son-soutien-face-a-la-russie-753628635749
20220102,051,UKRAINE,RUSSIA,https://www.lematin.ch/story/joe-biden-assure-au-president-ukrainien-de-son-soutien-face-a-la-russie-753628635749
20220102,051,UKRAINE,RUSSIA,https://www.lematin.ch/story/joe-biden-assure-au-president-ukrainien-de-son-soutien-face-a-la-russie-753628635749
20220102,032,UKRAINE,UKRAINE,https://www.lematin.ch/story/joe-biden-assure-au-president-ukrainien-de-son-soutien-face-a-la-russie-753628635749
20220102,050,UKRAINE,UKRAINE,https://www.lematin.ch/story/joe-biden-assure-au-president-ukrainien-de-son-soutien-face-a-la-russie-753628635749
20220102,050,UKRAINE,UKRAINE,https://www.lematin.ch/story/joe-biden-assure-au-president-ukrainien-de-son-soutien-face-a-la-russie-753628635749
20220102,051,UKRAINE,UKRAINE,https://www.lematin.ch/story/joe-biden-assure-au-president-ukrainien-de-son-soutien-face-a-la-russie-753628635749
20220102,041,UKRAINE,UNITED STATES,https://gazeta.ua/articles/politics/_rozmova-zelenskogo-ta-bajdena-pro-scho-govorili-lideri/1065472
20220102,041,UKRAINE,UNITED STATES,https://gazeta.ua/articles/politics/_rozmova-zelenskogo-ta-bajdena-pro-scho-govorili-lideri/1065472
20220102,046,UKRAINE,UNITED STATES,https://gazeta.ua/articles/politics/_rozmova-zelenskogo-ta-bajdena-pro-scho-govorili-lideri/1065472
20220102,046,UKRAINE,UNITED STATES,https://gazeta.ua/articles/politics/_rozmova-zelenskogo-ta-bajdena-pro-scho-govorili-lideri/1065472
20220102,100,UKRAINIAN,A US,https://naslovi.net/2022-01-03/blic/da-sacuvamo-mir-u-evropi-zelenski-razgovarao-sa-bajdenom-o-akcijama-u-ukrajini-reformi-i-borbama-protiv-oligarha/29657762
20220102,046,UKRAINE,JOE BIDEN,https://gazeta.ua/articles/politics/_rozmova-zelenskogo-ta-bajdena-pro-scho-govorili-lideri/1065472
20220102,050,UKRAINIAN,RUSSIA,https://www.lematin.ch/story/joe-biden-assure-au-president-ukrainien-de-son-soutien-face-a-la-russie-753628635749
20220102,051,UKRAINIAN,RUSSIA,https://www.lematin.ch/story/joe-biden-assure-au-president-ukrainien-de-son-soutien-face-a-la-russie-753628635749
20220102,051,UKRAINIAN,RUSSIA,https://www.lematin.ch/story/joe-biden-assure-au-president-ukrainien-de-son-soutien-face-a-la-russie-753628635749
20220102,032,UKRAINIAN,UKRAINIAN,https://www.lematin.ch/story/joe-biden-assure-au-president-ukrainien-de-son-soutien-face-a-la-russie-753628635749
20220102,100,UKRAINIAN,A US,https://naslovi.net/2022-01-03/blic/da-sacuvamo-mir-u-evropi-zelenski-razgovarao-sa-bajdenom-o-akcijama-u-ukrajini-reformi-i-borbama-protiv-oligarha/29657762
20220102,012,UNITED STATES,,https://www.telemundo.com/noticias/noticias-telemundo/desastres-naturales/hallan-con-vida-a-uno-de-los-tres-desaparecidos-en-los-incendios-de-co-rcna10641
20220102,030,THE US,,http://www.kvir.ru/articles/glavnoe-kachestvo-boyca.html
20220102,036,UNITED STATES,,https://news.online.ua/u-zelenskogo-utochnili-vremya-segodnyashnego-razgovora-s-baydenom_n840515/
20220102,030,AMERICAN,UKRAINIAN,https://www.lematin.ch/story/joe-biden-assure-au-president-ukrainien-de-son-soutien-face-a-la-russie-753628635749
20220102,041,UNITED STATES,UKRAINE,https://gazeta.ua/articles/politics/_rozmova-zelenskogo-ta-bajdena-pro-scho-govorili-lideri/1065472
20220102,046,UNITED STATES,UKRAINE,https://gazeta.ua/articles/politics/_rozmova-zelenskogo-ta-bajdena-pro-scho-govorili-lideri/1065472
20220102,046,UNITED STATES,UKRAINE,https://gazeta.ua/articles/politics/_rozmova-zelenskogo-ta-bajdena-pro-scho-govorili-lideri/1065472
20220102,036,UNITED STATES,THE WHITE HOUSE,https://pronedra.ru/v21-pervye-pervye-simptomy-pnevmonii-pomogut-svoevremenno-nachat-lechenie-i-soxranit-zhizn-439639.html
20220102,036,THE WHITE HOUSE,,https://pronedra.ru/v21-pervye-pervye-simptomy-pnevmonii-pomogut-svoevremenno-nachat-lechenie-i-soxranit-zhizn-439639.html
20220102,036,THE WHITE HOUSE,,https://news.online.ua/u-zelenskogo-utochnili-vremya-segodnyashnego-razgovora-s-baydenom_n840515/
20220102,041,THE WHITE HOUSE,,https://pronedra.ru/v21-pervye-pervye-simptomy-pnevmonii-pomogut-svoevremenno-nachat-lechenie-i-soxranit-zhizn-439639.html
20220102,090,NASA,,http://www.hispantv.com/noticias/ciencia-tecnologia/535007/nasa-asteroide-psyche
20220102,046,JOE BIDEN,VLADIMIR,https://gazeta.ua/articles/politics/_rozmova-zelenskogo-ta-bajdena-pro-scho-govorili-lideri/1065472
20220102,030,AMERICAN,UKRAINIAN,https://www.lematin.ch/story/joe-biden-assure-au-president-ukrainien-de-son-soutien-face-a-la-russie-753628635749
20220102,046,JOE BIDEN,UKRAINE,https://gazeta.ua/articles/politics/_rozmova-zelenskogo-ta-bajdena-pro-scho-govorili-lideri/1065472
20220102,036,THE WHITE HOUSE,UNITED STATES,https://news.online.ua/u-zelenskogo-utochnili-vremya-segodnyashnego-razgovora-s-baydenom_n840515/
20220102,013,VENEZUELAN,VENEZUELA,http://www.hispantv.com/noticias/venezuela/535014/eeuu-confrontacion-dialogos-intervenezolanos
20220102,111,VENEZUELAN,VENEZUELA,http://www.hispantv.com/noticias/venezuela/535014/eeuu-confrontacion-dialogos-intervenezolanos
20220102,111,VENEZUELAN,,http://www.hispantv.com/noticias/venezuela/535014/eeuu-confrontacion-dialogos-intervenezolanos
20220102,013,VENEZUELAN,VENEZUELAN,http://www.hispantv.com/noticias/venezuela/535014/eeuu-confrontacion-dialogos-intervenezolanos
20220102,051,CATALAN,,https://sport1.oslobodjenje.ba/s1/fudbal/ino-fudbal/primera/barcelona-slavila-minimalnu-pobjedu-protiv-mallorce-721769
