sqldate,eventcode,actor1name,actor2name,sourceurl,qwen_just_URL
20210101,130,GERMANY,,https://www.e110.de/terrorakte-vielleicht-verhindert/,"- Sentiment: unclear
- Reason: URL suggests potential prevention of terrorist acts, but context is ambiguous."
20220101,43,,CHILE,http://www.funkuhr.de/fernsehprogramm/sendungsdetails/169446982/pumas-in-der-wildnis-patagoniens.html,"- Sentiment: neutral
- Reason: URL describes a TV show about pumas in Patagonia, no clear sentiment."
20220101,112,,CRIMINAL,https://www.brasil247.com/brasil/bolsonaro-e-eleito-corrupto-do-ano-por-consorcio-internacional,"- Sentiment: negative
- Reason: URL indicates Bolsonaro being labeled as 'corrupt', negative connotation."
20220101,46,,AUTHORITIES,https://ria.ru/20220102/status-1766397981.html,"- Sentiment: unclear
- Reason: URL does not provide enough context for sentiment analysis."
20220101,110,,PRIME MINISTER,https://www.aftenposten.no/verden/i/OrevnE/foerste-nyttaarsdag-ble-det-registrert-over-160000-koronatilfeller-i-en,"- Sentiment: negative
- Reason: High number of COVID cases reported, indicating severe health situation."
20220101,190,,PRESIDENT,https://alquds.com/2022/01/01/%D8%A5%D8%B5%D8%A7%D8%A8%D8%A7%D8%AA-%D8%AE%D9%84%D8%A7%D9%84-%D9%85%D9%88%D8%A7%D8%AC%D9%87%D8%A7%D8%AA-%D9%81%D9%8A-%D8%A8%D8%B1%D9%82%D8%A9/,"- Sentiment: unclear
- Reason: URL does not provide clear sentiment indicators."
20220101,42,,ITALIAN,https://www.interris.it/copertina/perno-opbg-omicron-bambini/,"- Sentiment: unclear
- Reason: URL does not provide clear sentiment indicators."
20220101,51,,WORKER,https://www.franceguyane.fr/actualite/social/mobilisation-sociale-a-pointe-a-pitre-elie-domota-a-ete-arrete-493999.php,"- Sentiment: negative
- Reason: Social unrest and arrest suggest conflict and tension."
20220101,51,,WORKER,https://www.franceguyane.fr/actualite/social/mobilisation-sociale-a-pointe-a-pitre-elie-domota-a-ete-arrete-493999.php,"- Sentiment: negative
- Reason: URL mentions arrest in social mobilization, indicating conflict."
20220101,1823,,MILITARY,https://www.franceguyane.fr/actualite/france/feminicides-deux-hommes-en-garde-a-vue-le-jour-du-nouvel-an-494064.php,"- Sentiment: negative
- Reason: URL mentions 'feminicides' and 'arrests', indicating serious criminal events."
20220101,43,,POLE,https://as.com/futbol/2022/01/01/primera/1641057005_745473.html,"- Sentiment: unclear
- Reason: URL does not provide clear sentiment indicators."
20220101,51,,SAUDI ARABIA,https://www.okaz.com.sa/news/na/2092790,"- Sentiment: unclear
- Reason: URL does not provide enough information to infer sentiment."
20220101,51,,SAUDI ARABIA,https://www.okaz.com.sa/news/na/2092790,"- Sentiment: unclear
- Reason: URL does not provide enough information to infer sentiment."
20220101,20,,INTELLIGENCE,https://www.diariolaprovinciasj.com/elpais/2022/1/1/cuales-son-los-sectores-que-tendran-mayor-demanda-laboral-en-2022-165873.html,"- Sentiment: neutral
- Reason: URL discusses job demand sectors, no clear positive or negative indicators."
20220101,42,,VENEZUELAN,https://noticias.uol.com.br/ultimas-noticias/efe/2022/01/01/chanceler-venezuelano-pede-que-bolsonaro-aprove-transferencia-de-migrantes.htm,"- Sentiment: neutral
- Reason: URL does not provide clear emotional tone or specific positive/negative outcome."
20220101,20,,BASQUE,https://omirante.pt/cavaleiro-andante/2022-01-01-Em-Abrantes-nada-como-dantes-a2fb5365,"- Sentiment: neutral
- Reason: URL does not provide clear positive or negative indicators."
20220101,50,,CATALAN,https://sport1.oslobodjenje.ba/s1/fudbal/ino-fudbal/primera/postigao-dogovor-sa-kataloncima-barcelona-sljedeceg-ljeta-dobija-veliko-pojacanje-721568,"- Sentiment: positive
- Reason: Barcelona signing strong players, indicating team strengthening."
20220101,51,,INDIGENOUS,https://g1.globo.com/mundo/noticia/2022/01/01/a-epidemia-de-desaparecimentos-de-indigenas-que-intriga-os-eua.ghtml,"- Sentiment: neutral
- Reason: URL describes a news article about missing indigenous people, no clear sentiment."
20220101,51,,INDIGENOUS,https://g1.globo.com/mundo/noticia/2022/01/01/a-epidemia-de-desaparecimentos-de-indigenas-que-intriga-os-eua.ghtml,"- Sentiment: negative
- Reason: Epidemic of disappearances, indicates serious issue."
20220101,161,MADEIRA,,https://www.akhbarona.com/last/340605.html,"- Sentiment: unclear
- Reason: URL does not provide context or content information."
20220101,112,BRAZIL,CRIMINAL,https://www.brasil247.com/brasil/bolsonaro-e-eleito-corrupto-do-ano-por-consorcio-internacional,"- Sentiment: negative
- Reason: Bolsonaro being elected 'Corrupt of the Year' indicates negative sentiment."
20220101,112,BRAZIL,CRIMINAL,https://www.brasil247.com/brasil/bolsonaro-e-eleito-corrupto-do-ano-por-consorcio-internacional,"- Sentiment: negative
- Reason: Bolsonaro being elected 'Corrupt of the Year' indicates negative sentiment."
20220101,100,BUSINESS,,https://pronedra.ru/znaki-vostochnogo-kalendarya-po-godu-rozhdeniya-kotorym-povezet-v-2022-godu-628853.html,"- Sentiment: positive
- Reason: Title suggests fortune for certain zodiac signs in 2022."
20220101,90,COMPANY,ADMINISTRATION,https://www.republika.co.id/berita/r520kx430/jepang-bantu-perusahaan-bill-gates-bangun-reaktor-nuklir,"- Sentiment: neutral
- Reason: URL indicates news about Japan aiding Bill Gates' nuclear reactor project."
20220101,112,COMPANIES,REPRESENTATIVES,https://www.alarab.com/Article/1018144,"- Sentiment: unclear
- Reason: URL does not provide enough information to infer sentiment."
20220101,60,SWITZERLAND,,https://evz.ro/sinuciderea-asistata-este-acum-legala-austria-este-tara-care-a-decis-sa-curme-suferintele-bolnavilor.html,"- Sentiment: neutral
- Reason: URL describes a legal change, not expressing clear positive or negative stance."
20220101,81,SWITZERLAND,,https://evz.ro/sinuciderea-asistata-este-acum-legala-austria-este-tara-care-a-decis-sa-curme-suferintele-bolnavilor.html,"- Sentiment: neutral
- Reason: URL describes legal change, no clear positive or negative tone."
20220101,42,CHILE,,http://www.funkuhr.de/fernsehprogramm/sendungsdetails/169446982/pumas-in-der-wildnis-patagoniens.html,"- Sentiment: neutral
- Reason: URL describes a TV show about pumas in Patagonia, no clear sentiment."
20220101,54,CHINA,EMBASSY,https://gordonua.com/news/worldnews/kitay-otkryl-posolstvo-v-nikaragua-posle-vozobnovleniya-diplomaticheskih-otnosheniy-1589047.html,"- Sentiment: positive
- Reason: China opening embassy indicates improved diplomatic relations."
20220101,20,COLOMBIA,COLOMBIA,https://www.colombia.com/actualidad/nacionales/12415-contagios-por-la-covid-19-registra-colombia-en-el-primer-dia-del-ano-2022-333346,"- Sentiment: negative
- Reason: Reports high number of COVID-19 cases, indicating poor health situation."
20220101,180,PRISON,,https://pronedra.ru/zaprety-i-primety-rozhdestvenskogo-sochelnik-chto-gotovyat-v-prazdnik-628846.html,"- Sentiment: neutral
- Reason: URL describes Christmas Eve traditions, no clear positive or negative indicators."
20220101,30,PRISON,ACADEMICS,https://www.notigape.com/trabajara-gobierno-municipal-por-bienestar-y-progreso-en-2022/243835,"- Sentiment: positive
- Reason: URL suggests focus on well-being and progress, indicating positive outlook."
20220101,173,POLICE,FRANCE,https://www.franceguyane.fr/actualite/social/mobilisation-sociale-a-pointe-a-pitre-elie-domota-a-ete-arrete-493999.php,"- Sentiment: negative
- Reason: Social unrest and arrest indicated, suggesting conflict."
20220101,186,PERPETRATOR,BAMAKO,http://malijet.com/les_faits_divers_au_mali/265488-commissariat-de-police-du-11eme-arrondissement-fin-de-course-pou.html,"- Sentiment: unclear
- Reason: URL does not provide clear sentiment indicators."
20220101,10,COMMUNITY,,https://www.lopinionista.it/fico-ringrazia-mattarella-120130.html,"- Sentiment: positive
- Reason: Fico thanking Mattarella suggests a positive interaction."
20220101,111,RESIDENTS,,https://g1.globo.com/sp/piracicaba-regiao/noticia/2022/01/01/biblioteca-municipal-de-limeira-oferece-oficinas-gincana-show-e-sarau-durante-as-ferias-escolares.ghtml,"- Sentiment: positive
- Reason: Community library offers engaging activities for school holidays."
20220101,1723,POPULATION,,https://gordonua.com/news/worldnews/vo-francii-v-novogodnyuyu-noch-sozhgli-874-mashiny-mvd-1589046.html,"- Sentiment: negative
- Reason: News about 874 cars being burned on New Year's night."
20220101,80,ACTOR,,https://www.interris.it/rubriche/opinione/affrontare-questioni-pressanti-luce-dottrina-sociale-chiesa/,"- Sentiment: neutral
- Reason: URL suggests an opinion piece, but topic is not clearly positive or negative."
20220101,833,EUROPE,,https://www.brasil247.com/blog/brasil-para-principiantes,"- Sentiment: unclear
- Reason: URL does not provide specific content or context for sentiment analysis."
20220101,90,EUROPE,,https://alquds.com/2022/01/02/%D8%A3%D9%88%D8%B1%D9%88%D8%A8%D8%A7-%D8%AA%D8%AA%D8%AC%D8%A7%D9%88%D8%B2-%D8%B9%D8%AA%D8%A8%D8%A9-100-%D9%85%D9%84%D9%8A%D9%88%D9%86-%D8%A5%D8%B5%D8%A7%D8%A8%D8%A9-%D8%A8%D9%83%D9%88%D9%81%D9%8A/,"- Sentiment: negative
- Reason: URL suggests arrest of 100 Palestinians by Israeli forces."
20220101,112,EUROPEAN,BELARUS,https://www.skivefolkeblad.dk/artikel/8426302b-78a7-3353-beaa-8731a102cde4/,"- Sentiment: unclear
- Reason: URL does not provide clear sentiment indicators."
20220101,112,EUROPEAN,RUSSIA,https://www.skivefolkeblad.dk/artikel/8426302b-78a7-3353-beaa-8731a102cde4/,"- Sentiment: unclear
- Reason: URL alone provides no sentiment-indicative text."
20220101,112,EUROPEAN,RUSSIA,https://www.skivefolkeblad.dk/artikel/8426302b-78a7-3353-beaa-8731a102cde4/,"- Sentiment: unclear
- Reason: URL does not provide clear sentiment indicators."
20220101,50,FRANCE,,https://as.com/futbol/2022/01/01/primera/1641057005_745473.html,"- Sentiment: unclear
- Reason: URL does not provide clear sentiment indicators."
20220101,141,PARIS,POLICE,https://noticias.uol.com.br/ultimas-noticias/deutschewelle/2022/01/01/franca-ve-queda-em-numero-de-carros-incendiados-no-ano-novo.htm,"- Sentiment: negative
- Reason: ""Qeda em numero de carros incendiados"" indicates a decline in car burnings, likely perceived negatively."
20220101,192,FRENCH,SYRIA,https://naslovi.net/2022-01-02/rtv/vremeplov-otvorena-prva-citaonica-u-knezevini-srbiji/29652721,"- Sentiment: positive
- Reason: Opening of first reading room suggests cultural progress."
20220101,192,FRANCE,SYRIA,https://naslovi.net/2022-01-02/rtv/vremeplov-otvorena-prva-citaonica-u-knezevini-srbiji/29652721,"- Sentiment: positive
- Reason: Opening of first reading room suggests community development."
20220101,190,LILLE,YEMENI,https://www.okaz.com.sa/news/na/2092790,"- Sentiment: unclear
- Reason: URL does not provide enough context or information."
20220101,141,GUADELOUPE,,https://www.franceguyane.fr/actualite/social/mobilisation-sociale-a-pointe-a-pitre-elie-domota-a-ete-arrete-493999.php,"- Sentiment: negative
- Reason: Social unrest and arrest indicate conflict."
20220101,172,CONAKRY,,http://malijet.com/actualite_economique_du_mali/265491-lutte-contre-la-fraude-et-la-contrebande-les-douanes-saisissent-.html,"- Sentiment: negative
- Reason: Involves fraud and smuggling, generally seen as negative activities."
20220101,70,GAMBIA,NORWEGIAN,https://www.analisidifesa.it/2022/01/il-2021-ha-rilanciato-limmigrazione-illegale-su-vasta-scala-in-italia/,"- Sentiment: negative
- Reason: Illegitimate immigration surge framed as problematic."
20220101,70,GAMBIA,NORWAY,https://www.analisidifesa.it/2022/01/il-2021-ha-rilanciato-limmigrazione-illegale-su-vasta-scala-in-italia/,"- Sentiment: negative
- Reason: Increased illegal immigration on a large scale, suggests concern."
20220101,70,GAMBIA,NORWEGIAN,https://www.analisidifesa.it/2022/01/il-2021-ha-rilanciato-limmigrazione-illegale-su-vasta-scala-in-italia/,"- Sentiment: negative
- Reason: URL suggests increase in illegal immigration, likely viewed as problematic."
20220101,190,PRESIDENT,,https://alquds.com/2022/01/01/%D8%A5%D8%B5%D8%A7%D8%A8%D8%A7%D8%AA-%D8%AE%D9%84%D8%A7%D9%84-%D9%85%D9%88%D8%A7%D8%AC%D9%87%D8%A7%D8%AA-%D9%81%D9%8A-%D8%A8%D8%B1%D9%82%D8%A9/,"- Sentiment: unclear
- Reason: URL does not provide clear sentiment indicators."
20220101,192,PRESIDENT,,https://alquds.com/2022/01/01/%D8%A5%D8%B5%D8%A7%D8%A8%D8%A7%D8%AA-%D8%AE%D9%84%D8%A7%D9%84-%D9%85%D9%88%D8%A7%D8%AC%D9%87%D8%A7%D8%AA-%D9%81%D9%8A-%D8%A8%D8%B1%D9%82%D8%A9/,"- Sentiment: unclear
- Reason: URL does not provide clear sentiment indicators."
20220101,20,MINISTRY,EMIRATI,https://www.akhbarona.com/world/340606.html,"- Sentiment: unclear
- Reason: URL alone provides no sentiment-indicative keywords or context."
20220101,51,MINISTRY,EMIRATI,https://www.akhbarona.com/world/340606.html,"- Sentiment: unclear
- Reason: URL alone provides no clear sentiment indicators."
20220101,71,GOVERNMENT,EUROPEAN,https://www.interris.it/rubriche/opinione/affrontare-questioni-pressanti-luce-dottrina-sociale-chiesa/,"- Sentiment: unclear
- Reason: URL does not provide clear sentiment indicators."
20220101,111,AUTHORITIES,EMPLOYEE,https://ria.ru/20220102/status-1766397981.html,"- Sentiment: unclear
- Reason: URL alone provides no clear sentiment indicators."
20220101,841,DIPLOMAT,PRISONER,https://www.republika.co.id/berita/r520da430/indiapakistan-tukar-daftar-tahanan,"- Sentiment: neutral
- Reason: URL suggests exchange of prisoner lists, no clear positive or negative connotation."
20220101,841,DIPLOMAT,PRISONER,https://www.republika.co.id/berita/r520da430/indiapakistan-tukar-daftar-tahanan,"- Sentiment: neutral
- Reason: URL indicates exchange of prisoner lists, not enough context for sentiment."
20220101,1014,EMBASSY,UKRAINIAN,https://pronedra.ru/znaki-vostochnogo-kalendarya-po-godu-rozhdeniya-kotorym-povezet-v-2022-godu-628853.html,"- Sentiment: positive
- Reason: Title suggests fortune for certain zodiac signs in 2022."
20220101,1014,EMBASSY,UKRAINIAN,https://pronedra.ru/znaki-vostochnogo-kalendarya-po-godu-rozhdeniya-kotorym-povezet-v-2022-godu-628853.html,"- Sentiment: positive
- Reason: Title suggests luck for certain zodiac signs in 2022."
20220101,36,MINIST OF EDUCATION,,https://www.diariolaprovinciasj.com/educacion/2022/1/1/el-ministerio-de-educacion-atendera-en-nuevo-horario-165874.html,"- Sentiment: neutral
- Reason: URL indicates a change in ministry hours, no clear positive or negative connotations."
20220101,13,MEDICAL ASSOCIATION,,https://www.aftenposten.no/verden/i/OrevnE/foerste-nyttaarsdag-ble-det-registrert-over-160000-koronatilfeller-i-en,"- Sentiment: negative
- Reason: High number of COVID cases reported, indicating severe health issue."
20220101,120,DOCTOR,,https://kino.24tv.ua/ru/novogodnie-multfilmy-dlja-vsej-semi-dushevnaja-podborka-dlja_n1831930,"- Sentiment: positive
- Reason: ""dushevnaja"" suggests heartwarming, family-friendly content."
20220101,120,DOCTOR,,https://kino.24tv.ua/ru/novogodnie-multfilmy-dlja-vsej-semi-dushevnaja-podborka-dlja_n1831930,"- Sentiment: positive
- Reason: ""dushevnaja"" (heartwarming) suggests a positive tone."
20220101,10,CROATIAN,,https://madeinfoot.ouest-france.fr/infos/article-asm-l-as-monaco-officialise-le-depart-de-niko-kovac-officiel-364395.html,"- Sentiment: negative
- Reason: Official departure announcement suggests a loss for the team."
20220101,10,CROATIAN,,https://madeinfoot.ouest-france.fr/infos/article-asm-l-as-monaco-officialise-le-depart-de-niko-kovac-officiel-364395.html,"- Sentiment: neutral
- Reason: URL indicates an official departure, no clear positive or negative connotations."
20220101,42,CROATIAN,,https://madeinfoot.ouest-france.fr/infos/article-asm-l-as-monaco-officialise-le-depart-de-niko-kovac-officiel-364395.html,"- Sentiment: neutral
- Reason: URL indicates an official departure, no clear positive or negative connotations."
20220101,42,CROATIAN,,https://madeinfoot.ouest-france.fr/infos/article-asm-l-as-monaco-officialise-le-depart-de-niko-kovac-officiel-364395.html,"- Sentiment: negative
- Reason: Official departure announcement typically indicates a less positive event."
20220101,43,JAKARTA,FLORIDA,https://www.republika.co.id/berita/r520u2384/ini-ketentuan-tes-antigen-di-stasiun,"- Sentiment: neutral
- Reason: URL does not provide clear sentiment, only topic."
20220101,10,ISRAEL,,https://www.lematin.ch/story/apres-des-tirs-de-roquettes-frappes-israeliennes-sur-gaza-569823935907,"- Sentiment: negative
- Reason: Mentions rocket attacks and Israeli strikes, indicating conflict."
20220101,61,ISRAEL,,https://www.alquds.co.uk/%D8%A7%D9%84%D8%AC%D9%8A%D8%B4-%D8%A7%D9%84%D8%A5%D8%B3%D8%B1%D8%A7%D8%A6%D9%8A%D9%84%D9%8A-%D9%8A%D9%82%D8%B5%D9%81-%D8%A3%D9%87%D8%AF%D8%A7%D9%81%D8%A7-%D9%81%D9%8A-%D9%82%D8%B7%D8%A7%D8%B9-%D8%BA/,"- Sentiment: unclear
- Reason: URL does not provide clear sentiment indicators."
20220101,190,ISRAELI,ISRAEL,https://ria.ru/20220102/status-1766397981.html,"- Sentiment: unclear
- Reason: URL does not provide clear sentiment indicators."
20220101,871,ISRAEL,PALESTINIAN,https://www.alquds.co.uk/%D8%A7%D9%84%D8%AC%D9%8A%D8%B4-%D8%A7%D9%84%D8%A5%D8%B3%D8%B1%D8%A7%D8%A6%D9%8A%D9%84%D9%8A-%D9%8A%D9%82%D8%B5%D9%81-%D8%A3%D9%87%D8%AF%D8%A7%D9%81%D8%A7-%D9%81%D9%8A-%D9%82%D8%B7%D8%A7%D8%B9-%D8%BA/,"- Sentiment: unclear
- Reason: URL text does not provide clear sentiment indicators."
20220101,190,ISRAELI,GAZA,https://ria.ru/20220102/udary-1766397744.html,"- Sentiment: unclear
- Reason: URL alone does not provide enough context for sentiment analysis."
20220101,194,ISRAEL,PALESTINIAN,https://www.lematin.ch/story/apres-des-tirs-de-roquettes-frappes-israeliennes-sur-gaza-569823935907,"- Sentiment: negative
- Reason: Mentions rocket attacks and Israeli strikes, indicating conflict."
20220101,194,ISRAEL,HAMAS,https://www.lematin.ch/story/apres-des-tirs-de-roquettes-frappes-israeliennes-sur-gaza-569823935907,"- Sentiment: negative
- Reason: Mentions rocket attacks and Israeli strikes, indicating conflict."
20220101,90,ISRAELI,,https://www.adn40.mx/internacional/israel-flurona-gripe-covid-19-pfp,"- Sentiment: unclear
- Reason: URL does not provide clear sentiment indicators."
20220101,10,ISRAELI,ISRAEL,https://www.notigape.com/israel-detecto-primer-caso-de-flurona-gripe-y-covid-19-en-simultaneo/243839,"- Sentiment: negative
- Reason: Reports first case of co-infection, likely concerning."
20220101,90,ISRAELI,ISRAEL,https://www.adn40.mx/internacional/israel-flurona-gripe-covid-19-pfp,"- Sentiment: neutral
- Reason: URL mentions news about Israel, Flurona, flu, and COVID-19 without clear sentiment."
20220101,190,ISRAELI,,https://ria.ru/20220102/status-1766397981.html,"- Sentiment: unclear
- Reason: URL alone does not provide clear sentiment indicators."
20220101,190,ISRAEL,ISRAEL,https://ria.ru/20220102/status-1766397981.html,"- Sentiment: unclear
- Reason: URL alone does not provide enough context for sentiment analysis."
20220101,190,ISRAEL,ISRAEL,https://ria.ru/20220102/udary-1766397744.html,"- Sentiment: unclear
- Reason: URL does not provide clear sentiment indicators."
20220101,190,ISRAELI,GAZA,https://ria.ru/20220102/status-1766397981.html,"- Sentiment: unclear
- Reason: URL does not provide context or content details."
20220101,190,ISRAELI,GAZA,https://ria.ru/20220102/udary-1766397744.html,"- Sentiment: unclear
- Reason: URL alone provides no clear sentiment indicators."
20220101,20,ISRAELI,ISRAELI,https://www.alarab.com/Article/1018146,"- Sentiment: unclear
- Reason: URL does not provide enough information to infer sentiment."
20220101,43,ITALY,,https://www.analisidifesa.it/2022/01/il-2021-ha-rilanciato-limmigrazione-illegale-su-vasta-scala-in-italia/,"- Sentiment: negative
- Reason: Title suggests increase in illegal immigration, framed as problematic."
20220101,173,ITALY,ALBANIA,http://www.oranews.tv/vendi/ky-eshte-shqiptari-i-arratisur-nga-burgu-ne-itali-naten-e-nderrimit-te-vit-i1023852,"- Sentiment: negative
- Reason: URL suggests a distressing event involving an arrest."
20220101,42,ITALY,ITALIAN,https://www.interris.it/copertina/perno-opbg-omicron-bambini/,"- Sentiment: unclear
- Reason: URL alone does not provide clear sentiment indicators."
20220101,43,ITALIAN,,https://www.interris.it/copertina/perno-opbg-omicron-bambini/,"- Sentiment: unclear
- Reason: URL alone does not provide clear sentiment indicators."
20220101,43,ITALIAN,ITALY,https://www.interris.it/copertina/perno-opbg-omicron-bambini/,"- Sentiment: unclear
- Reason: URL does not provide clear sentiment indicators."
20220101,10,JUDGE,,https://www.analisidifesa.it/2022/01/il-2021-ha-rilanciato-limmigrazione-illegale-su-vasta-scala-in-italia/,"- Sentiment: negative
- Reason: URL mentions illegal immigration resurgence, likely viewed negatively."
20220101,43,SOUTH KOREA,MUSLIM,https://portaljember.pikiran-rakyat.com/pariwisata/pr-163372393/7-destinasi-wisata-halal-di-korea-selatan-cocok-bagi-umat-muslim-yang-traveling-ke-negeri-ginseng,"- Sentiment: positive
- Reason: Article highlights Muslim-friendly tourist destinations, indicating positivity."
20220101,84,TRADE UNION,,https://www.franceguyane.fr/actualite/social/mobilisation-sociale-a-pointe-a-pitre-elie-domota-a-ete-arrete-493999.php,"- Sentiment: negative
- Reason: Arrest of social movement leader suggests conflict or tension."
20220101,111,TRADE UNION,,https://www.franceguyane.fr/actualite/social/mobilisation-sociale-a-pointe-a-pitre-elie-domota-a-ete-arrete-493999.php,"- Sentiment: negative
- Reason: Social unrest and arrest indicate tension and conflict."
20220101,100,REPRESENTATIVES,VOTER,https://www.corriere.it/editoriali/22_gennaio_01/i-partiti-quirinaleche-cosa-serve-ora-paese-466c0010-6b3e-11ec-a3c8-e3c830b3b1de.shtml,"- Sentiment: neutral
- Reason: URL does not provide clear emotional or directional content."
20220101,120,REPRESENTATIVES,VOTER,https://www.corriere.it/editoriali/22_gennaio_01/i-partiti-quirinaleche-cosa-serve-ora-paese-466c0010-6b3e-11ec-a3c8-e3c830b3b1de.shtml,"- Sentiment: neutral
- Reason: URL does not provide clear emotional cues or specific content."
20220101,161,MONACO,,https://madeinfoot.ouest-france.fr/infos/article-asm-l-as-monaco-officialise-le-depart-de-niko-kovac-officiel-364395.html,"- Sentiment: negative
- Reason: Departure of coach usually indicates issues or dissatisfaction."
20220101,161,MONACO,,https://madeinfoot.ouest-france.fr/infos/article-asm-l-as-monaco-officialise-le-depart-de-niko-kovac-officiel-364395.html,"- Sentiment: negative
- Reason: Official departure of Niko Kovac implies loss for the team."
20220101,51,MILITARY,,https://www.okaz.com.sa/news/na/2092790,"- Sentiment: unclear
- Reason: URL does not provide enough context for sentiment analysis."
20220101,51,MILITARY,,https://www.okaz.com.sa/news/na/2092790,"- Sentiment: unclear
- Reason: URL does not provide clear sentiment indicators."
20220101,114,NAVY,,https://omirante.pt/sociedade/2022-01-01-Vila-Franca-de-Xira-vai-ter-de-realizar-mais-obras-para-ganhar-novo-tribunal-a4687496,"- Sentiment: neutral
- Reason: URL mentions construction needs for new court, no clear positive or negative indicators."
20220101,190,MALI,,http://malijet.com/actualite-politique-au-mali/editorial-journaux-mali/265485-edito-le-pragmatisme-russe-aux-antipodes-des-th%C3%A9ories-fran%C3%A7aises.html,"- Sentiment: neutral
- Reason: URL title suggests contrasting views, not clear positive or negative."
20220101,42,MUSLIM,SOUTH KOREA,https://portaljember.pikiran-rakyat.com/pariwisata/pr-163372393/7-destinasi-wisata-halal-di-korea-selatan-cocok-bagi-umat-muslim-yang-traveling-ke-negeri-ginseng,"- Sentiment: positive
- Reason: Article highlights 7 halal tourist destinations in South Korea."
20220101,841,PRISONER,DIPLOMAT,https://www.republika.co.id/berita/r520da430/indiapakistan-tukar-daftar-tahanan,"- Sentiment: neutral
- Reason: URL suggests an exchange of prisoner lists, no clear positive or negative connotations."
20220101,42,POLE,,https://as.com/futbol/2022/01/01/primera/1641057005_745473.html,"- Sentiment: unclear
- Reason: URL does not provide enough context for sentiment analysis."
20220101,161,PORTUGAL,MADEIRA,https://www.akhbarona.com/last/340605.html,"- Sentiment: unclear
- Reason: URL alone does not provide context or content information."
20220101,10,PALESTINIAN,,https://www.lematin.ch/story/apres-des-tirs-de-roquettes-frappes-israeliennes-sur-gaza-569823935907,"- Sentiment: negative
- Reason: Mentions rocket attacks and Israeli strikes, indicating conflict."
20220101,10,PALESTINIAN,,https://www.lematin.ch/story/apres-des-tirs-de-roquettes-frappes-israeliennes-sur-gaza-569823935907,"- Sentiment: negative
- Reason: Mentions rocket attacks and Israeli strikes on Gaza, indicating conflict."
20220101,61,PALESTINIAN,,https://www.alquds.co.uk/%D8%A7%D9%84%D8%AC%D9%8A%D8%B4-%D8%A7%D9%84%D8%A5%D8%B3%D8%B1%D8%A7%D8%A6%D9%8A%D9%84%D9%8A-%D9%8A%D9%82%D8%B5%D9%81-%D8%A3%D9%87%D8%AF%D8%A7%D9%81%D8%A7-%D9%81%D9%8A-%D9%82%D8%B7%D8%A7%D8%B9-%D8%BA/,"- Sentiment: unclear
- Reason: URL does not provide clear sentiment indicators."
20220101,10,PALESTINIAN,ISRAEL,https://www.lematin.ch/story/apres-des-tirs-de-roquettes-frappes-israeliennes-sur-gaza-569823935907,"- Sentiment: negative
- Reason: Mentions rocket attacks and Israeli strikes, indicating conflict."
20220101,10,PALESTINIAN,ISRAEL,https://www.lematin.ch/story/apres-des-tirs-de-roquettes-frappes-israeliennes-sur-gaza-569823935907,"- Sentiment: negative
- Reason: Tirs de roquettes and frappes israeliennes indicate conflict."
20220101,61,PALESTINIAN,ISRAEL,https://www.alquds.co.uk/%D8%A7%D9%84%D8%AC%D9%8A%D8%B4-%D8%A7%D9%84%D8%A5%D8%B3%D8%B1%D8%A7%D8%A6%D9%8A%D9%84%D9%8A-%D9%8A%D9%82%D8%B5%D9%81-%D8%A3%D9%87%D8%AF%D8%A7%D9%81%D8%A7-%D9%81%D9%8A-%D9%82%D8%B7%D8%A7%D8%B9-%D8%BA/,"- Sentiment: unclear
- Reason: URL is in Arabic, not enough context provided."
20220101,195,HAMAS,,https://alquds.com/2022/01/02/%D8%A7%D9%84%D8%A7%D8%AD%D8%AA%D9%84%D8%A7%D9%84-%D9%8A%D9%82%D8%B5%D9%81-%D9%85%D9%88%D9%82%D8%B9%D9%8B%D8%A7-%D9%84%D9%84%D9%85%D9%82%D8%A7%D9%88%D9%85%D8%A9-%D8%A8%D8%BA%D8%B2%D8%A9/,"- Sentiment: unclear
- Reason: URL does not provide clear sentiment indicators."
20220101,195,HAMAS,,https://alquds.com/2022/01/02/%D8%A7%D9%84%D8%A7%D8%AD%D8%AA%D9%84%D8%A7%D9%84-%D9%8A%D9%82%D8%B5%D9%81-%D9%85%D9%88%D9%82%D8%B9%D9%8B%D8%A7-%D9%84%D9%84%D9%85%D9%82%D8%A7%D9%88%D9%85%D8%A9-%D8%A8%D8%BA%D8%B2%D8%A9/,"- Sentiment: unclear
- Reason: URL does not provide clear sentiment indicators."
20220101,1712,POLITICIAN,,https://www.analisidifesa.it/2022/01/il-2021-ha-rilanciato-limmigrazione-illegale-su-vasta-scala-in-italia/,"- Sentiment: negative
- Reason: Mentions increase in illegal immigration, suggesting a problematic situation."
20220101,833,ARCHBISHOP,,https://noticias.uol.com.br/ultimas-noticias/efe/2022/01/01/sul-africanos-se-despedem-de-desmond-tutu.htm,"- Sentiment: neutral
- Reason: URL indicates news about farewell to Desmond Tutu, no clear emotional bias."
20220101,84,ROMANIA,,https://evz.ro/catalin-harnagea-fostul-sef-al-serviciului-extern-de-informatii-incepe-sa-scrie-in-evenimentul-zilei.html,"- Sentiment: unclear
- Reason: URL does not provide clear emotional or evaluative information."
20220101,10,RUSSIA,,https://www.volynnews.com/news/all/5-naykrutishykh-skarbiv-volynskoho-krayeznavchoho-muzeiu-foto/,"- Sentiment: neutral
- Reason: URL lists top museum artifacts, no clear positive or negative connotations."
20220101,10,RUSSIA,,https://kino.24tv.ua/ru/novogodnie-multfilmy-dlja-vsej-semi-dushevnaja-podborka-dlja_n1831930,"- Sentiment: positive
- Reason: ""dushevnaja"" suggests heartwarming, positive content."
20220101,111,RUSSIAN,,https://www.teleport2001.ru/news/2022-01-02/140398-zasukha-grozit-lyudyam-i-zhivotnym-iz-za-stroitelstva-plotiny-na-dalnem-vostoke.html,"- Sentiment: negative
- Reason: Drought threatens people and animals due to dam construction."
20220101,110,RUSSIAN,FRENCH,http://malijet.com/actualite-politique-au-mali/editorial-journaux-mali/265485-edito-le-pragmatisme-russe-aux-antipodes-des-th%C3%A9ories-fran%C3%A7aises.html,"- Sentiment: unclear
- Reason: URL does not provide clear sentiment indicators."
20220101,182,JEDDAH,FRANCE,https://www.la-croix.com/Dakar-2022-Al-Attiyah-auto-Sanders-moto-remportent-prologue-concurrent-blesse-explosion-2022-01-01-1301192706,"- Sentiment: mixed
- Reason: Prologue winners and a competitor injured in explosion."
20220101,182,JEDDAH,FRANCE,https://www.la-croix.com/Dakar-2022-Al-Attiyah-auto-Sanders-moto-remportent-prologue-concurrent-blesse-explosion-2022-01-01-1301192706,"- Sentiment: mixed
- Reason: Prologue won, but a competitor injured in explosion."
20220101,182,JEDDAH,FRENCH,https://www.la-croix.com/Dakar-2022-Al-Attiyah-auto-Sanders-moto-remportent-prologue-concurrent-blesse-explosion-2022-01-01-1301192706,"- Sentiment: mixed
- Reason: Prologue winners mentioned, but also an explosion and injury."
20220101,182,JEDDAH,FRANCE,https://www.la-croix.com/Dakar-2022-Al-Attiyah-auto-Sanders-moto-remportent-prologue-concurrent-blesse-explosion-2022-01-01-1301192706,"- Sentiment: mixed
- Reason: Prologue won, but a competitor injured in explosion."
20220101,120,SAUDI,SAUDI ARABIA,https://www.la-croix.com/Dakar-2022-Al-Attiyah-auto-Sanders-moto-remportent-prologue-concurrent-blesse-explosion-2022-01-01-1301192706,"- Sentiment: mixed
- Reason: Event successes and a competitor injury mentioned."
20220101,60,SENEGAL,,https://www.la-croix.com/Dakar-2022-Al-Attiyah-auto-Sanders-moto-remportent-prologue-concurrent-blesse-explosion-2022-01-01-1301192706,"- Sentiment: mixed
- Reason: Prologue win and explosion injury reported."
20220101,60,DAKAR,,https://www.la-croix.com/Dakar-2022-Al-Attiyah-auto-Sanders-moto-remportent-prologue-concurrent-blesse-explosion-2022-01-01-1301192706,"- Sentiment: mixed
- Reason: Prologue winners mentioned, but also a competitor injured in explosion."
20220101,180,SETTLER,ISRAEL,https://www.alarab.com/Article/1018146,"- Sentiment: unclear
- Reason: URL does not provide enough context for sentiment analysis."
20220101,180,SETTLER,PALESTINIAN,https://www.alarab.com/Article/1018146,"- Sentiment: unclear
- Reason: URL alone does not provide sufficient context for sentiment analysis."
20220101,193,SETTLER,GUNMEN,https://alquds.com/2022/01/02/%D8%A7%D9%84%D9%85%D9%82%D8%A7%D9%88%D9%85%D8%A9-%D8%A7%D9%84%D8%B4%D8%B9%D8%A8%D9%8A%D8%A9-%D8%AA%D8%B3%D8%AA%D8%B9%D8%B1-%D9%81%D9%8A-%D8%B4%D9%85%D8%A7%D9%84-%D8%A7%D9%84%D8%B6%D9%81%D8%A9/,"- Sentiment: unclear
- Reason: URL does not provide clear sentiment indicators."
20220101,36,SYRIAN,SYRIAN,https://www.alarab.com/Article/1018149,"- Sentiment: unclear
- Reason: URL does not provide clear sentiment indicators."
20220101,36,SYRIAN,SYRIAN,https://www.alarab.com/Article/1018149,"- Sentiment: unclear
- Reason: URL does not provide enough context for sentiment analysis."
20220101,36,SYRIAN,SYRIAN,https://www.alarab.com/Article/1018149,"- Sentiment: unclear
- Reason: URL does not provide clear sentiment indicators."
20220101,36,SYRIAN,SYRIAN,https://www.alarab.com/Article/1018149,"- Sentiment: unclear
- Reason: URL alone does not provide sentiment context or content details."
20220101,23,UKRAINIAN,,https://kino.24tv.ua/ru/novogodnie-multfilmy-dlja-vsej-semi-dushevnaja-podborka-dlja_n1831930,"- Sentiment: positive
- Reason: ""dushevnaja"" suggests heartwarming content, likely positive."
20220101,90,WYOMING,,https://g1.globo.com/mundo/noticia/2022/01/01/a-epidemia-de-desaparecimentos-de-indigenas-que-intriga-os-eua.ghtml,"- Sentiment: negative
- Reason: Involves disappearances, which are concerning and troubling."
20220101,42,FLORIDA,JAKARTA,https://www.republika.co.id/berita/r520u2384/ini-ketentuan-tes-antigen-di-stasiun,"- Sentiment: neutral
- Reason: URL describes test regulations, no clear positive or negative connotations."
20220101,190,YEMENI,LILLE,https://www.okaz.com.sa/news/na/2092790,"- Sentiment: unclear
- Reason: URL does not provide enough context or keywords for sentiment analysis."
20220101,10,YEMENI,PERSIAN,https://www.okaz.com.sa/news/na/2092790,"- Sentiment: unclear
- Reason: URL does not provide enough information to infer sentiment."
20220101,50,CATALAN,,https://sport1.oslobodjenje.ba/s1/fudbal/ino-fudbal/primera/postigao-dogovor-sa-kataloncima-barcelona-sljedeceg-ljeta-dobija-veliko-pojacanje-721568,"- Sentiment: positive
- Reason: Agreement with Barcelona suggests a favorable outcome."
20220101,141,SLAVIC,TARA,https://www.kramatorsk.info/view/272909,"- Sentiment: unclear
- Reason: URL does not provide clear sentiment indicators."
20220101,141,SLAVIC,UKRAINE,https://www.kramatorsk.info/view/272909,"- Sentiment: unclear
- Reason: URL does not provide enough context or content."
20210102,51,POLAND,,https://logistyka.rp.pl/drogowy/art19249821-na-ten-rok-w-planach-oddanie-do-uzytku-345-km-drog-krajowych,"- Sentiment: positive
- Reason: Plans for road improvements and openings suggest development and progress."
20210102,51,POLISH,,https://logistyka.rp.pl/drogowy/art19249821-na-ten-rok-w-planach-oddanie-do-uzytku-345-km-drog-krajowych,"- Sentiment: positive
- Reason: Plan to open 345 km of national roads indicates progress."
20210102,51,POLISH,,https://logistyka.rp.pl/drogowy/art19249821-na-ten-rok-w-planach-oddanie-do-uzytku-345-km-drog-krajowych,"- Sentiment: positive
- Reason: Plans for new road openings suggest progress and development."
20220102,36,,BUENOS AIRES,https://urgente24.com/actualidad/tragedia-palermo-asesino-al-volante-alcohol-y-muerte-n531977,"- Sentiment: negative
- Reason: Tragedy, murder, drunk driving, and death are mentioned."
20220102,100,,BUSINESS,https://www.eluniversal.com.mx/cartera/concanaco-pide-comercios-mantener-medidas-sanitarias-y-evitar-cierres-por-ola-de-covid,"- Sentiment: neutral
- Reason: URL suggests a call for health measures, no clear positive or negative tone."
20220102,190,,TYCOON,https://revistamonet.globo.com/Celebridades/noticia/2022/01/look-de-jeff-bezos-um-dos-homens-mais-ricos-do-mundo-no-reveillon-rende-piadas-nas-redes-meio-vin-diesel-meio-agostinho-carrara.html,"- Sentiment: mixed
- Reason: Bezos's New Year look mocked, compared to Vin Diesel and Agostinho Carrara."
20220102,112,,CALGARY,https://www.journaldemontreal.com/2022/01/02/manifestations-anti-covid-un-pasteur-et-son-frere-arretes-par-calgary,"- Sentiment: negative
- Reason: Involves arrests, suggests conflict or lawbreaking."
20220102,841,,POLICE,https://www.hoydiariodelmagdalena.com.co/archivos/613756,"- Sentiment: unclear
- Reason: URL does not provide context or content information."
20220102,36,,SCHOOL,https://olhardireto.com.br/noticias/exibir.asp?id=496488&noticia=porto-relembra-dificuldades-com-45-dos-estudantes-sem-internet-e-projeta-2022-como-melhor-ano-letivo-da-historia,"- Sentiment: mixed
- Reason: Reflects past challenges and optimistic future outlook."
20220102,42,,SCHOOL,https://olhardireto.com.br/noticias/exibir.asp?id=496488&noticia=porto-relembra-dificuldades-com-45-dos-estudantes-sem-internet-e-projeta-2022-como-melhor-ano-letivo-da-historia,"- Sentiment: mixed
- Reason: Recalls past challenges but projects a positive future."
20220102,42,,FRANCE,https://www.mdzol.com/deportes/2022/1/2/cuando-vuelve-lionel-messi-su-posible-debut-con-el-psg-en-2022-212536.html,"- Sentiment: neutral
- Reason: URL discusses a future event, Messi's debut with PSG, no clear sentiment."
20220102,42,,FRANCE,https://www.mdzol.com/deportes/2022/1/2/cuando-vuelve-lionel-messi-su-posible-debut-con-el-psg-en-2022-212536.html,"- Sentiment: neutral
- Reason: URL discusses Messi's return and possible debut, no clear positive or negative."
20220102,141,,THE UK,https://www.clarin.com/opinion/malvinas-pasado-presente-conflicto_0_4JQu1pJwH.html,"- Sentiment: unclear
- Reason: URL does not provide clear sentiment indicators."
20220102,42,,UNITED KINGDOM,https://www.elbotola.com/article/2022-01-02-22-03-111.html,"- Sentiment: unclear
- Reason: URL does not provide clear sentiment indicators."
20220102,42,,UNITED KINGDOM,https://www.elbotola.com/article/2022-01-02-22-03-111.html,"- Sentiment: unclear
- Reason: URL does not provide enough information to infer sentiment."
20220102,40,,KINGDOM,https://alghad.com/%D9%88%D8%B2%D9%8A%D8%B1-%D8%A7%D9%84%D8%AE%D8%A7%D8%B1%D8%AC%D9%8A%D8%A9-%D8%A7%D9%84%D8%B3%D8%B9%D9%88%D8%AF%D9%8A-%D9%81%D9%8A-%D8%B9%D9%85%D8%A7%D9%86/,"- Sentiment: unclear
- Reason: URL is in Arabic, content not discernible from URL alone."
20220102,46,,MINIST,https://alghad.com/%D9%88%D8%B2%D9%8A%D8%B1-%D8%A7%D9%84%D8%AE%D8%A7%D8%B1%D8%AC%D9%8A%D8%A9-%D8%A7%D9%84%D8%B3%D8%B9%D9%88%D8%AF%D9%8A-%D9%81%D9%8A-%D8%B9%D9%85%D8%A7%D9%86/,"- Sentiment: unclear
- Reason: URL does not provide clear sentiment indicators."
20220102,46,,KINGDOM,https://alghad.com/%D9%88%D8%B2%D9%8A%D8%B1-%D8%A7%D9%84%D8%AE%D8%A7%D8%B1%D8%AC%D9%8A%D8%A9-%D8%A7%D9%84%D8%B3%D8%B9%D9%88%D8%AF%D9%8A-%D9%81%D9%8A-%D8%B9%D9%85%D8%A7%D9%86/,"- Sentiment: unclear
- Reason: URL does not provide clear sentiment indicators."
20220102,57,,GOVERNMENT,https://www.cas.sk/clanok/2626553/predseda-civilnej-vlady-v-sudane-oznamil-svoju-rezignaciu-snazil-som-sa-zo-vsetkych-sil/,"- Sentiment: neutral
- Reason: URL indicates a resignation but lacks context for sentiment."
20220102,84,,PRESIDENT,https://www.lematin.ch/story/lhomme-fort-du-parti-ennahdha-hospitalise-dans-un-etat-critique-474086927675,"- Sentiment: negative
- Reason: Hospitalization in critical condition suggests severe health issues."
20220102,141,,AUTHORITIES,http://lratvakan.com/news/76958.html,"- Sentiment: unclear
- Reason: URL does not provide enough information for sentiment analysis."
20220102,141,,AUTHORITIES,https://lugradar.net/2022/01/337334,"- Sentiment: unclear
- Reason: URL alone provides no sentiment-indicative information."
20220102,42,,UNITED NATIONS,http://www.hispantv.com/noticias/palestina/535010/preso-israel-huelga-hambre,"- Sentiment: negative
- Reason: Implies hunger strike, likely due to oppressive conditions."
20220102,14,,ISRAELI,https://itongadol.com/coronavirus/coronavirus-en-israel-se-espera-que-tres-millones-de-israelies-se-infecten-con-el-virus,"- Sentiment: negative
- Reason: Anticipation of large number of infections indicates concern."
20220102,51,,ISRAEL,http://www.hispantv.com/noticias/palestina/535010/preso-israel-huelga-hambre,"- Sentiment: negative
- Reason: Implies conflict, hunger strike suggests severe conditions."
20220102,53,,ISRAEL,http://www.hispantv.com/noticias/palestina/535010/preso-israel-huelga-hambre,"- Sentiment: negative
- Reason: URL suggests news about a prisoner on hunger strike, indicating conflict."
20220102,43,,JORDAN,https://alghad.com/%D9%85%D8%B9%D8%B1%D8%B6-%D8%A3%D8%B1%D8%AF%D9%86%D9%8A-%D9%84%D9%84%D8%AA%D8%AC%D8%A7%D8%B1%D8%A9-%D9%88%D8%A7%D9%84%D8%AE%D8%AF%D9%85%D8%A7%D8%AA-%D9%8A%D9%86%D8%B7%D9%84%D9%82-%D9%81%D9%8A-%D8%B3/,"- Sentiment: unclear
- Reason: URL alone does not provide clear sentiment information."
20220102,130,,LAWYER,https://www.vesti-online.com/stopiran-otkaz-za-nevakcinisanog-cuvara-reda/,"- Sentiment: negative
- Reason: Implies refusal or denial, likely due to unvaccinated status."
20220102,42,,ANTANANARIVO,http://www.taringa.net/+salud_bienestar/la-proxima-gran-pandemia-la-resistencia-a-antibioticos-ya-esta-aqui_4zonot/,"- Sentiment: negative
- Reason: Pandemic and antibiotic resistance imply serious health concerns."
20220102,71,,OAXACA,https://oaxaca.eluniversal.com.mx/estatal/aumenta-congreso-de-oaxaca-presupuesto-de-comision-forestal-en-14-mdp,"- Sentiment: positive
- Reason: Budget increase for forest commission suggests positive environmental action."
20220102,43,,MACHU PICCHU,https://www.segnidalcielo.it/peru-un-turista-fotografa-un-ufo-sullantica-citta-di-machu-picchu/,"- Sentiment: neutral
- Reason: UFO sighting reported, no clear positive or negative connotations."
20220102,53,,PALESTINE,http://www.hispantv.com/noticias/palestina/535010/preso-israel-huelga-hambre,"- Sentiment: negative
- Reason: Implies conflict, hunger strike suggests distress."
20220102,51,,PALESTINE,http://www.hispantv.com/noticias/palestina/535010/preso-israel-huelga-hambre,"- Sentiment: negative
- Reason: Implies conflict, hunger strike indicates distress."
20220102,53,,PALESTINE,http://www.hispantv.com/noticias/palestina/535010/preso-israel-huelga-hambre,"- Sentiment: negative
- Reason: Implies detainment and hunger strike, both negative situations."
20220102,43,,SAINT,https://g1.globo.com/sp/santos-regiao/porto-mar/noticia/2022/01/02/anvisa-reforca-urgencia-em-acabar-com-temporada-de-cruzeiros-e-fala-em-risco-a-saude-publica.ghtml,"- Sentiment: negative
- Reason: ANVISA urgency, health risk mentioned."
20220102,51,,SETTLER,https://www.eluniversal.com.mx/ciencia-y-salud/tras-aparente-extincion-el-pez-picote-tequila-fue-reintegrado-su-habitat,"- Sentiment: positive
- Reason: Species reintroduced to habitat, suggests conservation success."
20220102,20,,TURKEY,https://eleftherostypos.gr/ellinotourkika/880814-empristikos-o-akar-ebale-xio-samo-kai-oinousses-sto-stoma-tis-tourkias/,"- Sentiment: negative
- Reason: URL suggests conflict, with phrases like ""warning"" and ""putting in mouth""."
20220102,36,,THE WHITE HOUSE,https://pronedra.ru/v21-pervye-pervye-simptomy-pnevmonii-pomogut-svoevremenno-nachat-lechenie-i-soxranit-zhizn-439639.html,"- Sentiment: neutral
- Reason: URL suggests informational content about pneumonia symptoms."
20220102,41,,THE WHITE HOUSE,https://pronedra.ru/v21-pervye-pervye-simptomy-pnevmonii-pomogut-svoevremenno-nachat-lechenie-i-soxranit-zhizn-439639.html,"- Sentiment: positive
- Reason: Focus on timely treatment and saving lives."
20220102,112,FARMER,MINIST OF ENVIRONMENT,https://www.diariolibre.com/actualidad/sucesos/2022/01/02/acusan-ganaderos-de-provocar-incendios-en-sierra-de-bahoruco/1563459,"- Sentiment: negative
- Reason: Accusations of causing fires imply conflict and environmental damage."
20220102,356,ARGENTINIAN,,https://www.clarin.com/opinion/malvinas-primeros-200-anos-_0_7SMJC2Ult.html,"- Sentiment: unclear
- Reason: URL does not provide clear sentiment indicators."
20220102,36,BUENOS AIRES,,https://urgente24.com/actualidad/tragedia-palermo-asesino-al-volante-alcohol-y-muerte-n531977,"- Sentiment: negative
- Reason: Tragedy, murder, drunk driving, and death are negative elements."
20220102,80,ARGENTINA,,https://www.clarin.com/opinion/malvinas-pasado-presente-conflicto_0_4JQu1pJwH.html,"- Sentiment: unclear
- Reason: URL alone does not provide clear sentiment indicators."
20220102,160,ARGENTINA,FALKLANDS,https://www.clarin.com/opinion/malvinas-pasado-presente-conflicto_0_4JQu1pJwH.html,"- Sentiment: unclear
- Reason: URL does not provide clear sentiment indicators."
20220102,190,BELGIAN,BELGIUM,https://geeko.lesoir.be/2022/01/02/une-entreprise-belge-lutte-contre-contre-le-gaspillage-pharmaceutique/,"- Sentiment: positive
- Reason: Belgian company fighting pharmaceutical waste, implies proactive environmental action."
20220102,190,BELGIAN,,https://geeko.lesoir.be/2022/01/02/une-entreprise-belge-lutte-contre-contre-le-gaspillage-pharmaceutique/,"- Sentiment: positive
- Reason: Belgian company fights pharmaceutical waste, suggests proactive environmental action."
20220102,112,BELARUSIAN,BELARUS,http://www.kvir.ru/author/andre-galinin/,"- Sentiment: unclear
- Reason: URL provides no specific event or news content."
20220102,190,BELARUSIAN,BELARUS,http://www.kvir.ru/author/andre-galinin/,"Sentiment: unclear
Reason: URL only shows author's page, no specific content or context."
20220102,51,BRAZIL,ARGENTINE,https://www.clarin.com/opinion/malvinas-pasado-presente-conflicto_0_4JQu1pJwH.html,"- Sentiment: unclear
- Reason: URL does not provide clear sentiment indicators."
20220102,10,BRAZIL,BRAZIL,https://www.clarin.com/opinion/malvinas-pasado-presente-conflicto_0_4JQu1pJwH.html,"- Sentiment: unclear
- Reason: URL does not provide clear sentiment indicators."
20220102,10,BRAZIL,BRAZIL,https://www.clarin.com/opinion/malvinas-pasado-presente-conflicto_0_4JQu1pJwH.html,"- Sentiment: unclear
- Reason: URL does not provide clear sentiment indicators."
20220102,12,TYCOON,,https://revistamonet.globo.com/Celebridades/noticia/2022/01/look-de-jeff-bezos-um-dos-homens-mais-ricos-do-mundo-no-reveillon-rende-piadas-nas-redes-meio-vin-diesel-meio-agostinho-carrara.html,"- Sentiment: mixed
- Reason: Bezos's New Year look mocked, compared to Vin Diesel and Agostinho Carrara."
20220102,90,COMPANY,,https://e24.no/ledige-stillinger/s/Kzeo24/har-du-inkasso-erfaring-men-kan-tenke-deg-strre-ansvar,"- Sentiment: neutral
- Reason: Job listing, no strong sentiment indicators."
20220102,145,BUSINESS,,https://www.limburger.nl/cnt/dmf20220102_97854382,"- Sentiment: unclear
- Reason: URL does not provide context or content to infer sentiment."
20220102,160,AIRLINE,,https://es.investing.com/news/stock-market-news/disrupciones-relacionadas-con-omicron-provocan-mas-de-4000-cancelaciones-de-vuelos-en-inicio-de-2022-2199117,"- Sentiment: negative
- Reason: Omicron disruptions causing flight cancellations indicates travel industry issues."
20220102,190,TYCOON,,https://revistamonet.globo.com/Celebridades/noticia/2022/01/look-de-jeff-bezos-um-dos-homens-mais-ricos-do-mundo-no-reveillon-rende-piadas-nas-redes-meio-vin-diesel-meio-agostinho-carrara.html,"- Sentiment: mixed
- Reason: URL suggests humorous reactions to Jeff Bezos's New Year’s Eve outfit."
20220102,20,AIRLINE,EMPLOYEE,https://es.investing.com/news/stock-market-news/disrupciones-relacionadas-con-omicron-provocan-mas-de-4000-cancelaciones-de-vuelos-en-inicio-de-2022-2199117,"- Sentiment: negative
- Reason: Omicron disruptions causing over 4000 flight cancellations."
20220102,30,BUSINESS,,https://www.eluniversal.com.mx/nacion/tras-vacaciones-de-invierno-sep-se-declara-lista-para-retorno-actividades-escolares-presenciales,"- Sentiment: positive
- Reason: Schools ready for return, implies progress and normalcy."
20220102,173,CALGARY,CALGARY,https://www.journaldemontreal.com/2022/01/02/manifestations-anti-covid-un-pasteur-et-son-frere-arretes-par-calgary,"- Sentiment: negative
- Reason: Involves arrests during anti-COVID protests, indicating conflict."
20220102,175,CALGARY,DEMONSTRATOR,https://www.journaldemontreal.com/2022/01/02/manifestations-anti-covid-un-pasteur-et-son-frere-arretes-par-calgary,"- Sentiment: negative
- Reason: Arrests during anti-COVID protests indicate conflict and unrest."
20220102,51,ORTHODOX CHRISTIAN,SAINT,https://www.mngz.ru/russia-world-sensation/2464160-v-vargashinskom-rayone-sotrudniki-policii-proveli-20-profilakticheskih-besed-so-shkolnikami.html,"- Sentiment: neutral
- Reason: URL mentions police conducting preventive talks with schoolchildren."
20220102,51,ORTHODOX CHRISTIAN,SAINT,https://pronedra.ru/pozdravleniya-ko-dnyu-svyatoj-anastasii-4-yanvarya-tradiczii-prazdnika-630226.html,"- Sentiment: neutral
- Reason: URL describes a holiday, no clear positive or negative connotations."
20220102,90,POLICE,,https://www.noviny.sk/krimi/652963-mrtvy-muz-v-aute-telo-hladaneho-slovenskeho-policajta-nasli-v-polsku,"- Sentiment: negative
- Reason: URL mentions death and missing police officer."
20220102,192,POLICE OFFICER,,https://www.hoydiariodelmagdalena.com.co/archivos/613776,"- Sentiment: unclear
- Reason: URL does not provide clear sentiment indicators."
20220102,193,POLICE OFFICER,,https://www.ensonhaber.com/3-sayfa/adanada-silahli-kavgaya-mudahale-eden-polis-vuruldu,"- Sentiment: negative
- Reason: Police officer injured in armed conflict; implies violence and danger."
20220102,190,POLICE,ACTIVIST,http://lratvakan.com/news/76958.html,"- Sentiment: unclear
- Reason: URL does not provide enough information to infer sentiment."
20220102,10,PERPETRATOR,CREATIVITY,https://www.hespress.com/%D8%AA%D8%AC%D8%A7%D9%88%D8%B2-%D9%88%D8%B1%D8%B7%D8%A9-%D8%B9%D8%B5%D8%B1-%D8%A7%D9%84%D8%B9%D8%AA%D9%85%D8%A9-925188.html,"- Sentiment: unclear
- Reason: URL does not provide clear sentiment indicators."
20220102,172,VILLAGE,,https://www.volynnews.com/news/all/cherez-novorichni-feyerverky-v-chernivtsiakh-zahynuly-desiatky-ptakhiv/,"- Sentiment: negative
- Reason: Fireworks cause death of dozens of birds, indicating harm and loss."
20220102,10,COMMUNITY,POLICE,https://www.hoydiariodelmagdalena.com.co/archivos/613752,"- Sentiment: unclear
- Reason: URL does not provide enough information to infer sentiment."
20220102,42,GERMAN,LISBON,https://naslovi.net/2022-01-03/blic/zarobljeni-u-luci-nemacki-kruzer-usidren-do-daljeg-u-lisabonu-zbog-izbijanja-epidemije-korona-virusa/29657724,"- Sentiment: negative
- Reason: Ship quarantined due to coronavirus outbreak, indicating a problematic situation."
20220102,42,GERMAN,LISBON,https://naslovi.net/2022-01-03/blic/zarobljeni-u-luci-nemacki-kruzer-usidren-do-daljeg-u-lisabonu-zbog-izbijanja-epidemije-korona-virusa/29657724,"- Sentiment: negative
- Reason: Cruise ship quarantined due to COVID-19 outbreak."
20220102,10,UNIVERSITY,,https://www.elmanana.com/cae-ex-rector-de-la-uabjo-por-fraude/5475695,"- Sentiment: negative
- Reason: Ex-rector accused of fraud, implies legal issues and misconduct."
20220102,36,STUDENT,,https://olhardireto.com.br/noticias/exibir.asp?id=496488&noticia=porto-relembra-dificuldades-com-45-dos-estudantes-sem-internet-e-projeta-2022-como-melhor-ano-letivo-da-historia,"- Sentiment: mixed
- Reason: Mentions difficulties but also projects a better future."
20220102,36,SCHOOL,,https://olhardireto.com.br/noticias/exibir.asp?id=496488&noticia=porto-relembra-dificuldades-com-45-dos-estudantes-sem-internet-e-projeta-2022-como-melhor-ano-letivo-da-historia,"- Sentiment: mixed
- Reason: Mentions difficulties but also positive projection for future."
20220102,43,SCHOOL,,https://olhardireto.com.br/noticias/exibir.asp?id=496488&noticia=porto-relembra-dificuldades-com-45-dos-estudantes-sem-internet-e-projeta-2022-como-melhor-ano-letivo-da-historia,"- Sentiment: mixed
- Reason: Mentions past difficulties but projects positive future."
20220102,1721,SCHOOL,,https://itongadol.com/coronavirus/coronavirus-en-israel-se-espera-que-tres-millones-de-israelies-se-infecten-con-el-virus,"- Sentiment: negative
- Reason: URL suggests high infection expectations, indicating a concerning situation."
20220102,42,STUDENT,OAXACA,https://oaxaca.eluniversal.com.mx/sociedad/regresan-clases-mas-de-874-mil-estudiantes-de-oaxaca-este-3-de-enero,"- Sentiment: positive
- Reason: Students returning to classes indicates educational normalcy."
20220102,71,ACTOR,,https://bagikanberita.pikiran-rakyat.com/bisnis/pr-683379835/rezeki-senin-ceria-khusus-wanita-berjiwa-entrepreneur-dapat-pinjaman-tanpa-agunan-rp25-juta-di-pnm-mekaar-plus,"- Sentiment: positive
- Reason: Offers financial opportunity for female entrepreneurs."
20220102,1821,ACTOR,BANDUNG,https://www.pikiran-rakyat.com/nasional/pr-013379874/genting-susi-pudjiastuti-desak-ruu-pks-disahkan-perlu-berapa-banyak-lagi-korban,"- Sentiment: negative
- Reason: URL mentions urging for legislation due to victims, implying concern or distress."
20220102,10,MADRID,,https://es.euronews.com/2022/01/02/espana-dice-no-a-la-propuesta-de-bruselas-de-incluir-la-energia-nuclear-y-el-gas-en-su-pla,"- Sentiment: negative
- Reason: Spain rejects EU proposal, indicating disagreement."
20220102,111,EUROPEAN,,https://1prime.ru/business/20220103/835674504.html,"- Sentiment: unclear
- Reason: URL does not provide clear indicators of content or sentiment."
20220102,20,FINNISH,RUSSIA,https://www.geopolitica.ru/news/vlasti-finlyandii-zagovorili-o-vstuplenii-v-nato,"- Sentiment: neutral
- Reason: URL mentions Finnish authorities discussing NATO, no clear positive or negative tone."
20220102,42,UNITED KINGDOM,UNITED KINGDOM,https://www.elbotola.com/article/2022-01-02-22-03-111.html,"- Sentiment: unclear
- Reason: URL provides no clear sentiment indicators."
20220102,42,UNITED KINGDOM,UNITED KINGDOM,https://www.elbotola.com/article/2022-01-02-22-03-111.html,"- Sentiment: unclear
- Reason: URL does not provide clear sentiment indicators."
20220102,43,UNITED KINGDOM,,https://www.elbotola.com/article/2022-01-02-22-03-111.html,"Sentiment: unclear
Reason: URL does not provide clear sentiment indicators."
20220102,43,UNITED KINGDOM,,https://www.elbotola.com/article/2022-01-02-22-03-111.html,"- Sentiment: unclear
- Reason: URL does not provide context or content information."
20220102,43,UNITED KINGDOM,UNITED KINGDOM,https://www.elbotola.com/article/2022-01-02-22-03-111.html,"- Sentiment: unclear
- Reason: URL does not provide clear sentiment indicators."
20220102,43,UNITED KINGDOM,UNITED KINGDOM,https://www.elbotola.com/article/2022-01-02-22-03-111.html,"- Sentiment: unclear
- Reason: URL provides no clear sentiment indicators."
20220102,10,AUTHORITIES,,https://www.telemundo.com/noticias/noticias-telemundo/clima/no-esto-no-es-una-broma-llovieron-peces-en-texas-poco-antes-de-fin-de-rcna10639,"- Sentiment: mixed
- Reason: Fish raining in Texas; unusual, potentially amusing but concerning."
20220102,12,SECRETARIAT,,https://olhardireto.com.br/noticias/exibir.asp?id=496488&noticia=porto-relembra-dificuldades-com-45-dos-estudantes-sem-internet-e-projeta-2022-como-melhor-ano-letivo-da-historia,"- Sentiment: mixed
- Reason: Mentions difficulties but projects a better future."
20220102,14,MINISTRY,,https://tsn.ua/ru/svit/izrail-odobril-chetvertuyu-covid-privivku-dlya-medrabotnikov-i-lyudey-ot-60-let-1945456.html,"- Sentiment: positive
- Reason: Israel approving fourth COVID vaccine dose for vulnerable groups."
20220102,40,KINGDOM,,https://alghad.com/%D9%88%D8%B2%D9%8A%D8%B1-%D8%A7%D9%84%D8%AE%D8%A7%D8%B1%D8%AC%D9%8A%D8%A9-%D8%A7%D9%84%D8%B3%D8%B9%D9%88%D8%AF%D9%8A-%D9%81%D9%8A-%D8%B9%D9%85%D8%A7%D9%86/,"- Sentiment: unclear
- Reason: URL does not provide enough context for sentiment analysis."
20220102,40,KINGDOM,,https://alghad.com/%D9%88%D8%B2%D9%8A%D8%B1-%D8%A7%D9%84%D8%AE%D8%A7%D8%B1%D8%AC%D9%8A%D8%A9-%D8%A7%D9%84%D8%B3%D8%B9%D9%88%D8%AF%D9%8A-%D9%81%D9%8A-%D8%B9%D9%85%D8%A7%D9%86/,"- Sentiment: unclear
- Reason: URL does not provide clear sentiment indicators."
20220102,46,MINIST,,https://alghad.com/%D9%88%D8%B2%D9%8A%D8%B1-%D8%A7%D9%84%D8%AE%D8%A7%D8%B1%D8%AC%D9%8A%D8%A9-%D8%A7%D9%84%D8%B3%D8%B9%D9%88%D8%AF%D9%8A-%D9%81%D9%8A-%D8%B9%D9%85%D8%A7%D9%86/,"- Sentiment: neutral
- Reason: URL does not provide clear emotional or directional context."
20220102,46,KINGDOM,,https://alghad.com/%D9%88%D8%B2%D9%8A%D8%B1-%D8%A7%D9%84%D8%AE%D8%A7%D8%B1%D8%AC%D9%8A%D8%A9-%D8%A7%D9%84%D8%B3%D8%B9%D9%88%D8%AF%D9%8A-%D9%81%D9%8A-%D8%B9%D9%85%D8%A7%D9%86/,"- Sentiment: unclear
- Reason: URL does not provide clear sentiment indicators."
20220102,57,GOVERNMENT,,https://www.cas.sk/clanok/2626553/predseda-civilnej-vlady-v-sudane-oznamil-svoju-rezignaciu-snazil-som-sa-zo-vsetkych-sil/,"- Sentiment: neutral
- Reason: URL indicates a resignation but does not provide context for sentiment."
20220102,73,AUTHORITIES,,https://www.mbl.is/frettir/erlent/2022/01/02/heilbrigdisstarfsmenn_fa_fjorda_skammtinn/,"- Sentiment: unclear
- Reason: URL alone does not provide enough context for sentiment analysis."
20220102,90,GOVERNMENT,,https://newpost.gr/kosmos/61d20c59922542136ad20343/italia-koronoios-i-kyvernisi-exetazei-to-endehomeno-ypohreotikoy-emvoliasmoy-gia-oloys-toys-ano-ton-18-eton,"- Sentiment: neutral
- Reason: URL discusses government considering mandatory vaccination, no clear positive or negative tone."
20220102,160,GOVERNMENT,INDUSTRY,https://www.rp.pl/praca/art19248621-wielka-brytania-przedluza-program-wizowy-dla-pracownikow-z-ue,"- Sentiment: positive
- Reason: UK extending visa program for EU workers, beneficial policy."
20220102,90,AUTHORITIES,CRIMINAL,https://sledcom.ru/news/item/1645072/,"- Sentiment: unclear
- Reason: URL alone does not provide sentiment indicators."
20220102,14,DIRECTOR GENERAL,ISRAELI,https://itongadol.com/coronavirus/coronavirus-en-israel-se-espera-que-tres-millones-de-israelies-se-infecten-con-el-virus,"- Sentiment: negative
- Reason: Expected high infection numbers indicate a concerning situation."
20220102,43,GOVERNMENT,DEMONSTRATOR,http://lratvakan.com/news/76958.html,"- Sentiment: unclear
- Reason: URL does not provide clear sentiment indicators."
20220102,43,GOVERNMENT,DEMONSTRATOR,https://lugradar.net/2022/01/337334,"- Sentiment: unclear
- Reason: URL does not provide context or content information."
20220102,46,MINIST,DEMONSTRATOR,https://www.journaldemontreal.com/2022/01/02/manifestations-anti-covid-un-pasteur-et-son-frere-arretes-par-calgary,"- Sentiment: negative
- Reason: Involves arrests, likely protests, negative connotations."
20220102,30,GOVERNMENT,GUERRILLA,https://www.hoydiariodelmagdalena.com.co/archivos/613800,"- Sentiment: unclear
- Reason: URL does not provide clear sentiment indicators."
20220102,20,AUTHORITIES,RUSSIAN FEDERATION,https://lugradar.net/2022/01/337336,"- Sentiment: unclear
- Reason: URL does not provide context or content information."
20220102,20,AUTHORITIES,RUSSIAN FEDERATION,https://lugradar.net/2022/01/337319,"- Sentiment: unclear
- Reason: URL does not provide enough information to infer sentiment."
20220102,40,PRESIDENT,RUSSIA,https://tsn.ua/ru/politika/bayden-i-zelenskiy-proveli-telefonnye-peregovory-chto-izvestno-1945450.html,"- Sentiment: unclear
- Reason: URL does not provide clear sentiment indicators."
20220102,41,PRESIDENT,RUSSIA,https://tsn.ua/ru/politika/bayden-i-zelenskiy-proveli-telefonnye-peregovory-chto-izvestno-1945450.html,"- Sentiment: neutral
- Reason: URL suggests a news article about political talks, no clear sentiment."
20220102,41,PRESIDENT,RUSSIA,https://tsn.ua/ru/politika/bayden-i-zelenskiy-proveli-telefonnye-peregovory-chto-izvestno-1945450.html,"- Sentiment: neutral
- Reason: URL indicates a news article about political talks, no clear sentiment."
20220102,10,MINIST OF HEALTH,,https://www.mdzol.com/sociedad/2022/1/2/coronavirus-en-argentina-mas-de-20000-casos-23-fallecidos-212523.html,"- Sentiment: negative
- Reason: High number of cases and fatalities reported."
20220102,10,DOCTOR,,https://pronedra.ru/v21-pervye-pervye-simptomy-pnevmonii-pomogut-svoevremenno-nachat-lechenie-i-soxranit-zhizn-439639.html,"- Sentiment: neutral
- Reason: URL discusses symptoms and timely treatment of pneumonia, no clear positive or negative."
20220102,13,HOSPITAL,,https://pronedra.ru/v21-pervye-pervye-simptomy-pnevmonii-pomogut-svoevremenno-nachat-lechenie-i-soxranit-zhizn-439639.html,"- Sentiment: neutral
- Reason: URL discusses symptoms of pneumonia, no clear positive or negative connotations."
20220102,193,DOCTOR,POLICE OFFICER,https://pronedra.ru/v21-pervye-pervye-simptomy-pnevmonii-pomogut-svoevremenno-nachat-lechenie-i-soxranit-zhizn-439639.html,"- Sentiment: positive
- Reason: Focuses on early symptoms aiding timely treatment and saving lives."
20220102,193,DOCTOR,POLICE OFFICER,https://www.mngz.ru/russia-world-sensation/2463989-v-gorode-rezh-sotrudnikami-sledstvennogo-komiteta-vozbuzhdeno-ugolovnoe-delo-po-faktu-ubiystva-iz-revnosti-medic.html,"- Sentiment: negative
- Reason: URL mentions criminal case, murder due to jealousy."
20220102,193,DOCTOR,POLICE OFFICER,https://www.mngz.ru/russia-world-sensation/2463989-v-gorode-rezh-sotrudnikami-sledstvennogo-komiteta-vozbuzhdeno-ugolovnoe-delo-po-faktu-ubiystva-iz-revnosti-medic.html,"- Sentiment: negative
- Reason: URL mentions criminal case, murder due to jealousy."
20220102,172,HAITI,,https://www.diariolibre.com/actualidad/sucesos/2022/01/02/acusan-ganaderos-de-provocar-incendios-en-sierra-de-bahoruco/1563459,"- Sentiment: negative
- Reason: URL mentions accusation of causing fires, implies conflict."
20220102,90,THE EUROPEAN UNION,,https://lugradar.net/2022/01/337336,"- Sentiment: unclear
- Reason: URL alone provides no clear sentiment indicators."
20220102,43,UNITED NATIONS,,http://www.hispantv.com/noticias/palestina/535010/preso-israel-huelga-hambre,"- Sentiment: negative
- Reason: Implies conflict, hunger strike suggests dire situation."
20220102,20,ISRAELI,WORKER,https://g1.globo.com/mundo/noticia/2022/01/02/israel-comeca-a-aplicar-quarta-dose-da-vacina-contra-a-covid.ghtml,"- Sentiment: neutral
- Reason: URL describes a news event without clear positive or negative connotations."
20220102,51,ISRAEL,PALESTINE,http://www.hispantv.com/noticias/palestina/535010/preso-israel-huelga-hambre,"- Sentiment: negative
- Reason: Implies conflict, imprisonment, and hunger strike."
20220102,53,ISRAEL,PALESTINE,http://www.hispantv.com/noticias/palestina/535010/preso-israel-huelga-hambre,"- Sentiment: negative
- Reason: Implies conflict, hunger strike suggests severe situation."
20220102,142,ISRAEL,PALESTINE,http://www.hispantv.com/noticias/palestina/535010/preso-israel-huelga-hambre,"- Sentiment: negative
- Reason: Implies conflict, hunger strike suggests dire circumstances."
20220102,42,JORDAN,,https://alghad.com/%D9%85%D8%B9%D8%B1%D8%B6-%D8%A3%D8%B1%D8%AF%D9%86%D9%8A-%D9%84%D9%84%D8%AA%D8%AC%D8%A7%D8%B1%D8%A9-%D9%88%D8%A7%D9%84%D8%AE%D8%AF%D9%85%D8%A7%D8%AA-%D9%8A%D9%86%D8%B7%D9%84%D9%82-%D9%81%D9%8A-%D8%B3/,"- Sentiment: unclear
- Reason: URL does not provide clear sentiment indicators."
20220102,234,FEDERAL COURT,,https://www.elmanana.com/cae-ex-rector-de-la-uabjo-por-fraude/5475695,"- Sentiment: negative
- Reason: URL mentions ex-rector falling due to fraud."
20220102,84,JUDGE,,https://www.vesti-online.com/stopiran-otkaz-za-nevakcinisanog-cuvara-reda/,"- Sentiment: negative
- Reason: Implies refusal or denial, likely regarding unvaccinated guard."
20220102,173,PUBLIC PROSECUTOR,,https://www.hoydiariodelmagdalena.com.co/archivos/613776,"- Sentiment: unclear
- Reason: URL does not provide enough context for sentiment analysis."
20220102,10,LAWYER,MELBOURNE,https://www.vesti-online.com/samo-pisani-testament-je-vazeci/,"- Sentiment: unclear
- Reason: URL does not provide clear sentiment indicators."
20220102,114,PUBLIC PROSECUTOR,OAXACA,https://oaxaca.eluniversal.com.mx/municipios/denuncian-ante-el-ieepco-edil-de-ocotlan-oaxaca-por-violencia-politica-de-genero,"- Sentiment: negative
- Reason: Denunciation of mayor for gender-based political violence."
20220102,112,LAWYER,UNITED STATES,https://www.diariolibre.com/usa/revista/2022/01/02/juez-impide-que-bloqueo-de-demanda-contra-el-principe-andres/1563621,"- Sentiment: neutral
- Reason: Legal proceeding; no clear positive or negative sentiment in URL."
20220102,30,EMPLOYEE,,https://es.investing.com/news/stock-market-news/goldman-sachs-pide-a-sus-empleados-estadounidenses-que-trabajen-desde-casa-hasta-el-18-de-enero-2199115,"- Sentiment: neutral
- Reason: URL indicates a work-from-home directive, no clear positive or negative connotation."
20220102,10,CONGRESS,,https://www.telemundo.com/noticias/noticias-telemundo/clima/no-esto-no-es-una-broma-llovieron-peces-en-texas-poco-antes-de-fin-de-rcna10639,"- Sentiment: neutral
- Reason: URL describes a strange weather event, no clear positive or negative connotations."
20220102,10,STATE DUMA,,https://www.ridus.ru/news/370096,"- Sentiment: unclear
- Reason: URL does not provide clear sentiment indicators."
20220102,83,SENATE,,https://sipse.com/mexico/las-breves-del-senado-inclusion-y-derechos-de-las-personas-sordas-415533.html,"- Sentiment: positive
- Reason: Inclusion and rights for deaf individuals, suggests positive legislative action."
20220102,13,MEXICO,,https://sipse.com/mexico/isste-se-prepara-para-la-cuarta-ola-de-la-pandemia-por-covid-19-en-mexico-415544.html,"- Sentiment: negative
- Reason: Prepares for fourth pandemic wave, implies worsening situation."
20220102,190,COMMANDER,,https://www.antaranews.com/berita/2620221/dilan-series-gelar-audisi-terbuka-untuk-cari-pemain,"- Sentiment: positive
- Reason: Auditions for popular film series indicate engagement and opportunities."
20220102,17,COMMANDER,ISLAMIC,http://www.hispantv.com/noticias/siria/535008/iran-siria-relaciones-cooperacion,"- Sentiment: neutral
- Reason: URL indicates news about Iran-Syria relations, no clear sentiment."
20220102,17,COMMANDER,ISLAMIC,http://www.hispantv.com/noticias/siria/535008/iran-siria-relaciones-cooperacion,"- Sentiment: neutral
- Reason: URL mentions Iran-Syria relations/cooperation, no clear positive/negative indicators."
20220102,195,FIGHTER PLANE,SAUDI,http://www.hispantv.com/noticias/yemen/535011/ataque-saudi-mezquita-muertos,"- Sentiment: negative
- Reason: URL mentions Saudi attack on mosque, resulting in deaths."
20220102,195,FIGHTER PLANE,SAUDI,http://www.hispantv.com/noticias/yemen/535011/ataque-saudi-mezquita-muertos,"- Sentiment: negative
- Reason: Mentions Saudi attack on mosque with fatalities."
20220102,195,FIGHTER PLANE,SAUDI,http://www.hispantv.com/noticias/yemen/535011/ataque-saudi-mezquita-muertos,"- Sentiment: negative
- Reason: Mentions Saudi attack, mosque, and deaths."
20220102,70,MILITARY POLICE,,https://g1.globo.com/sp/santos-regiao/noticia/2022/01/02/prefeito-de-peruibe-critica-atuacao-da-policia-militar-contra-pancadoes-no-reveillon-caos-na-seguranca.ghtml,"- Sentiment: negative
- Reason: Mayor criticizes police, mentions chaos in security."
20220102,20,NAVAL,AMBASSADOR,https://sipse.com/mexico/las-breves-del-senado-inclusion-y-derechos-de-las-personas-sordas-415533.html,"- Sentiment: positive
- Reason: Likely discusses inclusion and rights for deaf people, suggesting positive developments."
20220102,20,GOLDMAN SACHS,AMERICAN,https://es.investing.com/news/stock-market-news/goldman-sachs-pide-a-sus-empleados-estadounidenses-que-trabajen-desde-casa-hasta-el-18-de-enero-2199115,"- Sentiment: neutral
- Reason: URL indicates work from home directive; no clear positive or negative connotation."
20220102,20,VERIZON,REUTERS,https://es.investing.com/news/stock-market-news/presidentes-ejecutivos-de-att-y-verizon-rechazan-peticion-de-eeuu-de-retrasar-despliegue-del-5g-2199124,"- Sentiment: negative
- Reason: Executives reject U.S. request to delay 5G deployment, indicating conflict."
20220102,120,VERIZON,REUTERS,https://es.investing.com/news/stock-market-news/presidentes-ejecutivos-de-att-y-verizon-rechazan-peticion-de-eeuu-de-retrasar-despliegue-del-5g-2199124,"- Sentiment: negative
- Reason: Executives reject U.S. request to delay 5G deployment, indicating conflict."
20220102,113,PROTESTER,,http://lratvakan.com/news/76958.html,"- Sentiment: unclear
- Reason: URL does not provide enough information to infer sentiment."
20220102,113,PROTESTER,,https://lugradar.net/2022/01/337334,"- Sentiment: unclear
- Reason: URL does not provide context or content information."
20220102,112,DETAINEE,BELARUSIAN,http://www.kvir.ru/author/andre-galinin/,"- Sentiment: unclear
- Reason: URL provides author info, no sentiment-indicative content."
20220102,190,DETAINEE,BELARUSIAN,http://www.kvir.ru/author/andre-galinin/,"- Sentiment: unclear
- Reason: URL only shows author's page, no specific content."
20220102,141,DEMONSTRATOR,CALGARY,https://www.journaldemontreal.com/2022/01/02/manifestations-anti-covid-un-pasteur-et-son-frere-arretes-par-calgary,"- Sentiment: negative
- Reason: Involves arrests during anti-COVID protests."
20220102,145,PROTESTER,SECURITY FORCE,https://www.expressen.se/nyheter/efter-protesterna--sudans-premiarminister-avgar/,"- Sentiment: negative
- Reason: URL suggests resignation of Sudan's Prime Minister following protests."
20220102,190,ACTIVIST,POLICE,http://lratvakan.com/news/76958.html,"- Sentiment: unclear
- Reason: URL does not provide context or content information."
20220102,42,DEMONSTRATOR,GOVERNMENT,https://lugradar.net/2022/01/337334,"- Sentiment: unclear
- Reason: URL alone does not provide context or content information."
20220102,46,DEMONSTRATOR,MINIST,https://www.journaldemontreal.com/2022/01/02/manifestations-anti-covid-un-pasteur-et-son-frere-arretes-par-calgary,"- Sentiment: negative
- Reason: Involves arrests, indicating conflict or legal issues."
20220102,145,DEMONSTRATOR,GOVERNMENT,http://lratvakan.com/news/76958.html,"- Sentiment: unclear
- Reason: URL does not provide enough information for sentiment analysis."
20220102,145,DEMONSTRATOR,GOVERNMENT,https://lugradar.net/2022/01/337334,"- Sentiment: unclear
- Reason: URL provides no clear sentiment indicators."
20220102,130,PRISONER,TEL AVIV,http://www.hispantv.com/noticias/palestina/535010/preso-israel-huelga-hambre,"- Sentiment: negative
- Reason: Implies conflict, hunger strike suggests dire situation."
20220102,20,ACTIVIST,NATIONAL ASSEMBLY,http://lratvakan.com/news/76958.html,"- Sentiment: unclear
- Reason: URL does not provide enough information to infer sentiment."
20220102,20,ACTIVIST,NATIONAL ASSEMBLY,https://lugradar.net/2022/01/337334,"- Sentiment: unclear
- Reason: URL does not provide clear sentiment indicators."
20220102,42,MACHU PICCHU,,https://www.segnidalcielo.it/peru-un-turista-fotografa-un-ufo-sullantica-citta-di-machu-picchu/,"- Sentiment: neutral
- Reason: Reports UFO sighting, no clear positive or negative connotations."
20220102,20,POLAND,UKRAINIAN,https://www.volynnews.com/news/all/chomu-v-polshchi-vse-chastishe-napadaiut-na-zarobitchan-z-ukrayiny/,"- Sentiment: negative
- Reason: URL mentions increasing attacks on Ukrainian workers in Poland."
20220102,20,POLAND,UKRAINIAN,https://www.volynnews.com/news/all/chomu-v-polshchi-vse-chastishe-napadaiut-na-zarobitchan-z-ukrayiny/,"- Sentiment: negative
- Reason: URL mentions increasing attacks on Ukrainian workers in Poland."
20220102,90,POLISH,UKRAINIAN,https://www.volynnews.com/news/all/chomu-v-polshchi-vse-chastishe-napadaiut-na-zarobitchan-z-ukrayiny/,"- Sentiment: negative
- Reason: URL mentions attacks on Ukrainian workers in Poland."
20220102,90,POLISH,UKRAINIAN,https://www.volynnews.com/news/all/chomu-v-polshchi-vse-chastishe-napadaiut-na-zarobitchan-z-ukrayiny/,"- Sentiment: negative
- Reason: URL suggests increasing attacks on Ukrainian workers in Poland."
20220102,20,POLAND,UKRAINIAN,https://www.volynnews.com/news/all/chomu-v-polshchi-vse-chastishe-napadaiut-na-zarobitchan-z-ukrayiny/,"- Sentiment: negative
- Reason: URL suggests increase in attacks on Ukrainian workers in Poland."
20220102,90,POLISH,UKRAINIAN,https://www.volynnews.com/news/all/chomu-v-polshchi-vse-chastishe-napadaiut-na-zarobitchan-z-ukrayiny/,"- Sentiment: negative
- Reason: URL suggests increase in attacks on Ukrainian workers in Poland."
20220102,90,POLAND,UKRAINE,https://www.volynnews.com/news/all/chomu-v-polshchi-vse-chastishe-napadaiut-na-zarobitchan-z-ukrayiny/,"- Sentiment: negative
- Reason: URL mentions increasing attacks on Ukrainian workers in Poland."
20220102,43,LISBON,GERMAN,https://naslovi.net/2022-01-03/blic/zarobljeni-u-luci-nemacki-kruzer-usidren-do-daljeg-u-lisabonu-zbog-izbijanja-epidemije-korona-virusa/29657724,"- Sentiment: negative
- Reason: Ship quarantined due to coronavirus outbreak, indicating adverse situation."
20220102,43,LISBON,GERMAN,https://naslovi.net/2022-01-03/blic/zarobljeni-u-luci-nemacki-kruzer-usidren-do-daljeg-u-lisabonu-zbog-izbijanja-epidemije-korona-virusa/29657724,"- Sentiment: negative
- Reason: Ship quarantined due to coronavirus outbreak."
20220102,20,PALESTINIAN,,http://www.hispantv.com/noticias/palestina/535010/preso-israel-huelga-hambre,"- Sentiment: negative
- Reason: Implies conflict, suffering, or distress due to imprisonment and hunger strike."
20220102,1831,SUICIDE BOMBER,KABUL,https://www.journaldemontreal.com/2022/01/02/en-afghanistan-les-femmes-victimes-de-violences-abandonnees-a-leur-sort-1,"- Sentiment: negative
- Reason: URL mentions violence and abandonment of women in Afghanistan."
20220102,42,SAINT,,https://g1.globo.com/sp/santos-regiao/porto-mar/noticia/2022/01/02/anvisa-reforca-urgencia-em-acabar-com-temporada-de-cruzeiros-e-fala-em-risco-a-saude-publica.ghtml,"- Sentiment: negative
- Reason: ANVISA warns of public health risk, urgency to end cruise season."
20220102,14,ROMANIA,,https://ziare.com/sorin-grindeanu/grindeanu-acuzatii-drula-autostrada-brasov-ploiesti-licitatie-studiu-fezabilitate-1718214,"- Sentiment: negative
- Reason: URL mentions accusations, suggesting a negative context."
20220102,130,RUSSIAN,EGYPTIAN,https://aif.ru/society/genkonsulstvo_rf_v_hurgade_predupredilo_o_zaderzhkah_reysov_iz-za_nepogody,"- Sentiment: negative
- Reason: Weather causing flight delays, likely inconveniencing travelers."
20220102,46,RUSSIA,TURKEY,https://www.geopolitica.ru/news/putin-i-erdogan-obsudili-garantii-bezopasnosti-mezhdu-rf-i-nato,"- Sentiment: neutral
- Reason: Discussion of security guarantees suggests formal, diplomatic engagement."
20220102,112,RUSSIA,UKRAINE,https://www.cas.sk/cl/1003185/2626559/biden-telefonoval-s-ukrajinskym-prezidentom-usa-budu-na-rusku-invaziu-reagovat,"- Sentiment: unclear
- Reason: URL does not provide enough context for sentiment analysis."
20220102,120,RUSSIA,UKRAINE,https://www.cas.sk/cl/1003185/2626559/biden-telefonoval-s-ukrajinskym-prezidentom-usa-budu-na-rusku-invaziu-reagovat,"- Sentiment: neutral
- Reason: URL indicates a phone call and response to invasion, no clear positive or negative."
20220102,120,RUSSIA,UKRAINE,https://www.cas.sk/cl/1003185/2626559/biden-telefonoval-s-ukrajinskym-prezidentom-usa-budu-na-rusku-invaziu-reagovat,"- Sentiment: unclear
- Reason: URL does not provide clear sentiment indicators."
20220102,46,VLADIMIR,JOE BIDEN,https://gazeta.ua/articles/politics/_rozmova-zelenskogo-ta-bajdena-pro-scho-govorili-lideri/1065472,"- Sentiment: unclear
- Reason: URL does not provide clear sentiment indicators."
20220102,40,RUSSIA,PRESIDENT,https://tsn.ua/ru/politika/bayden-i-zelenskiy-proveli-telefonnye-peregovory-chto-izvestno-1945450.html,"- Sentiment: neutral
- Reason: URL indicates a news article about political talks, no clear sentiment."
20220102,195,SAUDI,,http://www.hispantv.com/noticias/yemen/535011/ataque-saudi-mezquita-muertos,"- Sentiment: negative
- Reason: Mentions attack, mosque, and deaths."
20220102,195,SAUDI,SAUDI ARABIA,http://www.hispantv.com/noticias/yemen/535011/ataque-saudi-mezquita-muertos,"- Sentiment: negative
- Reason: Mentions attack, mosque, and deaths."
20220102,180,SENEGAL,,https://www.elmundo.es/comunidad-valenciana/castellon/2022/01/02/61d1ffb121efa045798b4589.html,"- Sentiment: unclear
- Reason: URL does not provide enough context for sentiment analysis."
20220102,172,SYRIAN,,https://correio.rac.com.br/agencias/agencia-estado/2022/01/1153709-israel-aprova-plano-para-dobrar-numero-de-colonos-nas-colinas-do-golan.html,"- Sentiment: negative
- Reason: Israel's approval to double settlers in Golan Heights likely controversial."
20220102,193,ADANA,POLICE,https://www.ensonhaber.com/3-sayfa/adanada-silahli-kavgaya-mudahale-eden-polis-vuruldu,"- Sentiment: negative
- Reason: Police intervention in armed conflict, indicating violence and unrest."
20220102,41,TURKEY,RUSSIA,https://www.geopolitica.ru/news/putin-i-erdogan-obsudili-garantii-bezopasnosti-mezhdu-rf-i-nato,"- Sentiment: neutral
- Reason: Discussing security guarantees, no clear positive or negative connotations."
20220102,46,TURKEY,RUSSIA,https://www.geopolitica.ru/news/putin-i-erdogan-obsudili-garantii-bezopasnosti-mezhdu-rf-i-nato,"- Sentiment: neutral
- Reason: Discussion of security guarantees, no clear positive or negative indicators."
20220102,46,TURKEY,RUSSIA,https://www.geopolitica.ru/news/putin-i-erdogan-obsudili-garantii-bezopasnosti-mezhdu-rf-i-nato,"- Sentiment: neutral
- Reason: Discussion of security guarantees suggests diplomatic engagement, not overtly positive or negative."
20220102,50,UKRAINE,,https://www.lematin.ch/story/joe-biden-assure-au-president-ukrainien-de-son-soutien-face-a-la-russie-753628635749,"- Sentiment: positive
- Reason: Biden assures support to Ukrainian president against Russia."
20220102,51,UKRAINE,,https://www.volynnews.com/news/all/chomu-v-polshchi-vse-chastishe-napadaiut-na-zarobitchan-z-ukrayiny/,"- Sentiment: negative
- Reason: URL suggests increase in attacks on Ukrainian workers in Poland."
20220102,51,UKRAINE,,https://www.volynnews.com/news/all/chomu-v-polshchi-vse-chastishe-napadaiut-na-zarobitchan-z-ukrayiny/,"- Sentiment: negative
- Reason: URL mentions attacks on Ukrainian workers in Poland."
20220102,173,UKRAINIAN,,https://kosice.korzar.sme.sk/c/22812499/rusi-12-rokov-patrali-po-ukrajincovi-obvinenom-z-vrazdy-uz-je-v-kosickej-vaznici.html,"- Sentiment: negative
- Reason: URL mentions arrest and murder charges, indicating a crime."
20220102,173,UKRAINE,CHINA,https://kosice.korzar.sme.sk/c/22812499/rusi-12-rokov-patrali-po-ukrajincovi-obvinenom-z-vrazdy-uz-je-v-kosickej-vaznici.html,"- Sentiment: negative
- Reason: Involves arrest and murder charges, indicating a serious crime."
20220102,190,UKRAINE,CHINA,https://kosice.korzar.sme.sk/c/22812499/rusi-12-rokov-patrali-po-ukrajincovi-obvinenom-z-vrazdy-uz-je-v-kosickej-vaznici.html,"- Sentiment: neutral
- Reason: URL describes an arrest but does not indicate positive or negative tone."
20220102,51,UKRAINE,RUSSIA,https://www.lematin.ch/story/joe-biden-assure-au-president-ukrainien-de-son-soutien-face-a-la-russie-753628635749,"- Sentiment: positive
- Reason: Biden assures support to Ukraine against Russia, indicating solidarity."
20220102,32,UKRAINE,RUSSIA,https://www.lematin.ch/story/joe-biden-assure-au-president-ukrainien-de-son-soutien-face-a-la-russie-753628635749,"- Sentiment: positive
- Reason: Biden assures support to Ukrainian president against Russia."
20220102,51,UKRAINE,RUSSIA,https://www.lematin.ch/story/joe-biden-assure-au-president-ukrainien-de-son-soutien-face-a-la-russie-753628635749,"- Sentiment: positive
- Reason: Biden assures support to Ukrainian president against Russia."
20220102,51,UKRAINE,RUSSIA,https://www.lematin.ch/story/joe-biden-assure-au-president-ukrainien-de-son-soutien-face-a-la-russie-753628635749,"- Sentiment: positive
- Reason: Biden assures support to Ukraine against Russia, indicating solidarity."
20220102,32,UKRAINE,UKRAINE,https://www.lematin.ch/story/joe-biden-assure-au-president-ukrainien-de-son-soutien-face-a-la-russie-753628635749,"- Sentiment: positive
- Reason: Biden assures support to Ukraine against Russia, indicating solidarity."
20220102,50,UKRAINE,UKRAINE,https://www.lematin.ch/story/joe-biden-assure-au-president-ukrainien-de-son-soutien-face-a-la-russie-753628635749,"- Sentiment: positive
- Reason: Biden assures support to Ukrainian president against Russia."
20220102,50,UKRAINE,UKRAINE,https://www.lematin.ch/story/joe-biden-assure-au-president-ukrainien-de-son-soutien-face-a-la-russie-753628635749,"- Sentiment: positive
- Reason: Biden assures support to Ukrainian president against Russia."
20220102,51,UKRAINE,UKRAINE,https://www.lematin.ch/story/joe-biden-assure-au-president-ukrainien-de-son-soutien-face-a-la-russie-753628635749,"- Sentiment: positive
- Reason: Biden assures support to Ukrainian president against Russia."
20220102,41,UKRAINE,UNITED STATES,https://gazeta.ua/articles/politics/_rozmova-zelenskogo-ta-bajdena-pro-scho-govorili-lideri/1065472,"- Sentiment: unclear
- Reason: URL does not provide clear emotional or opinion cues."
20220102,41,UKRAINE,UNITED STATES,https://gazeta.ua/articles/politics/_rozmova-zelenskogo-ta-bajdena-pro-scho-govorili-lideri/1065472,"- Sentiment: unclear
- Reason: URL title does not provide clear emotional tone or content."
20220102,46,UKRAINE,UNITED STATES,https://gazeta.ua/articles/politics/_rozmova-zelenskogo-ta-bajdena-pro-scho-govorili-lideri/1065472,"- Sentiment: unclear
- Reason: URL does not provide clear sentiment indicators."
20220102,46,UKRAINE,UNITED STATES,https://gazeta.ua/articles/politics/_rozmova-zelenskogo-ta-bajdena-pro-scho-govorili-lideri/1065472,"- Sentiment: unclear
- Reason: URL does not provide clear sentiment indicators."
20220102,100,UKRAINIAN,A US,https://naslovi.net/2022-01-03/blic/da-sacuvamo-mir-u-evropi-zelenski-razgovarao-sa-bajdenom-o-akcijama-u-ukrajini-reformi-i-borbama-protiv-oligarha/29657762,"- Sentiment: neutral
- Reason: URL describes diplomatic talks, no clear positive or negative indicators."
20220102,46,UKRAINE,JOE BIDEN,https://gazeta.ua/articles/politics/_rozmova-zelenskogo-ta-bajdena-pro-scho-govorili-lideri/1065472,"- Sentiment: neutral
- Reason: URL title suggests a factual report of a conversation, no clear positive or negative indicators."
20220102,50,UKRAINIAN,RUSSIA,https://www.lematin.ch/story/joe-biden-assure-au-president-ukrainien-de-son-soutien-face-a-la-russie-753628635749,"- Sentiment: positive
- Reason: Biden expresses support for Ukrainian president against Russia."
20220102,51,UKRAINIAN,RUSSIA,https://www.lematin.ch/story/joe-biden-assure-au-president-ukrainien-de-son-soutien-face-a-la-russie-753628635749,"- Sentiment: positive
- Reason: Biden assures support to Ukrainian president against Russia."
20220102,51,UKRAINIAN,RUSSIA,https://www.lematin.ch/story/joe-biden-assure-au-president-ukrainien-de-son-soutien-face-a-la-russie-753628635749,"- Sentiment: positive
- Reason: Biden assures support to Ukraine against Russia, indicating solidarity."
20220102,32,UKRAINIAN,UKRAINIAN,https://www.lematin.ch/story/joe-biden-assure-au-president-ukrainien-de-son-soutien-face-a-la-russie-753628635749,"- Sentiment: positive
- Reason: Biden assures support to Ukraine against Russia, indicating positive diplomatic stance."
20220102,100,UKRAINIAN,A US,https://naslovi.net/2022-01-03/blic/da-sacuvamo-mir-u-evropi-zelenski-razgovarao-sa-bajdenom-o-akcijama-u-ukrajini-reformi-i-borbama-protiv-oligarha/29657762,"- Sentiment: neutral
- Reason: URL discusses diplomatic talks, no clear positive or negative indicators."
20220102,12,UNITED STATES,,https://www.telemundo.com/noticias/noticias-telemundo/desastres-naturales/hallan-con-vida-a-uno-de-los-tres-desaparecidos-en-los-incendios-de-co-rcna10641,"- Sentiment: positive
- Reason: ""Hallan con vida"" indicates a rescue, which is good news."
20220102,30,THE US,,http://www.kvir.ru/articles/glavnoe-kachestvo-boyca.html,"- Sentiment: unclear
- Reason: URL does not provide clear emotional or directional content."
20220102,36,UNITED STATES,,https://news.online.ua/u-zelenskogo-utochnili-vremya-segodnyashnego-razgovora-s-baydenom_n840515/,"- Sentiment: neutral
- Reason: URL does not provide clear emotional context or tone."
20220102,30,AMERICAN,UKRAINIAN,https://www.lematin.ch/story/joe-biden-assure-au-president-ukrainien-de-son-soutien-face-a-la-russie-753628635749,"- Sentiment: positive
- Reason: Biden assures support to Ukraine against Russia, indicating positive diplomatic stance."
20220102,41,UNITED STATES,UKRAINE,https://gazeta.ua/articles/politics/_rozmova-zelenskogo-ta-bajdena-pro-scho-govorili-lideri/1065472,"- Sentiment: unclear
- Reason: URL does not provide clear sentiment indicators."
20220102,46,UNITED STATES,UKRAINE,https://gazeta.ua/articles/politics/_rozmova-zelenskogo-ta-bajdena-pro-scho-govorili-lideri/1065472,"- Sentiment: neutral
- Reason: URL does not indicate clear positive or negative tone."
20220102,46,UNITED STATES,UKRAINE,https://gazeta.ua/articles/politics/_rozmova-zelenskogo-ta-bajdena-pro-scho-govorili-lideri/1065472,"- Sentiment: unclear
- Reason: URL does not provide clear sentiment indicators."
20220102,36,UNITED STATES,THE WHITE HOUSE,https://pronedra.ru/v21-pervye-pervye-simptomy-pnevmonii-pomogut-svoevremenno-nachat-lechenie-i-soxranit-zhizn-439639.html,"- Sentiment: positive
- Reason: Emphasizes timely treatment and saving lives."
20220102,36,THE WHITE HOUSE,,https://pronedra.ru/v21-pervye-pervye-simptomy-pnevmonii-pomogut-svoevremenno-nachat-lechenie-i-soxranit-zhizn-439639.html,"- Sentiment: positive
- Reason: URL suggests early symptoms help timely treatment and save lives."
20220102,36,THE WHITE HOUSE,,https://news.online.ua/u-zelenskogo-utochnili-vremya-segodnyashnego-razgovora-s-baydenom_n840515/,"- Sentiment: neutral
- Reason: URL indicates a news update about a scheduled call, no clear emotional tone."
20220102,41,THE WHITE HOUSE,,https://pronedra.ru/v21-pervye-pervye-simptomy-pnevmonii-pomogut-svoevremenno-nachat-lechenie-i-soxranit-zhizn-439639.html,"- Sentiment: positive
- Reason: Emphasizes timely treatment and saving lives."
20220102,90,NASA,,http://www.hispantv.com/noticias/ciencia-tecnologia/535007/nasa-asteroide-psyche,"- Sentiment: neutral
- Reason: URL mentions NASA and asteroid, no clear positive or negative indicators."
20220102,46,JOE BIDEN,VLADIMIR,https://gazeta.ua/articles/politics/_rozmova-zelenskogo-ta-bajdena-pro-scho-govorili-lideri/1065472,"- Sentiment: unclear
- Reason: URL does not provide clear sentiment indicators."
20220102,30,AMERICAN,UKRAINIAN,https://www.lematin.ch/story/joe-biden-assure-au-president-ukrainien-de-son-soutien-face-a-la-russie-753628635749,"- Sentiment: positive
- Reason: Biden assures support to Ukraine against Russia, indicating positive US-Ukraine relations."
20220102,46,JOE BIDEN,UKRAINE,https://gazeta.ua/articles/politics/_rozmova-zelenskogo-ta-bajdena-pro-scho-govorili-lideri/1065472,"- Sentiment: neutral
- Reason: URL suggests a news article about political conversation, no clear sentiment."
20220102,36,THE WHITE HOUSE,UNITED STATES,https://news.online.ua/u-zelenskogo-utochnili-vremya-segodnyashnego-razgovora-s-baydenom_n840515/,"- Sentiment: neutral
- Reason: URL indicates a scheduled talk, no emotional context."
20220102,13,VENEZUELAN,VENEZUELA,http://www.hispantv.com/noticias/venezuela/535014/eeuu-confrontacion-dialogos-intervenezolanos,"- Sentiment: unclear
- Reason: URL alone does not provide clear sentiment indicators."
20220102,111,VENEZUELAN,VENEZUELA,http://www.hispantv.com/noticias/venezuela/535014/eeuu-confrontacion-dialogos-intervenezolanos,"- Sentiment: unclear
- Reason: URL does not provide enough context for sentiment analysis."
20220102,111,VENEZUELAN,,http://www.hispantv.com/noticias/venezuela/535014/eeuu-confrontacion-dialogos-intervenezolanos,"- Sentiment: unclear
- Reason: URL does not provide clear emotional tone or content context."
20220102,13,VENEZUELAN,VENEZUELAN,http://www.hispantv.com/noticias/venezuela/535014/eeuu-confrontacion-dialogos-intervenezolanos,"- Sentiment: unclear
- Reason: URL does not provide clear sentiment indicators."
20220102,51,CATALAN,,https://sport1.oslobodjenje.ba/s1/fudbal/ino-fudbal/primera/barcelona-slavila-minimalnu-pobjedu-protiv-mallorce-721769,"- Sentiment: positive
- Reason: Barcelona celebrated a win, even if minimal."
