raw_date,month,actor1name,actor2name,eventcode,url,article_text,article_text_length
20220101,202201,EMBASSY,UKRAINIAN,1014,https://pronedra.ru/znaki-vostochnogo-kalendarya-po-godu-rozhdeniya-kotorym-povezet-v-2022-godu-628853.html,"Знаки восточного календаря по году рождения, которым повезет в 2022 году

Каждый новый год несет перемены, а какими они будут, зависит от того, насколько благосклонным окажется тотемное животное. В 2022 году повезет нескольким знакам восточного календаря. Также удача улыбнется тем, кто заслужит благоволение Тигра.

Об этом рассказывает kp.ru

Астрологи составили гороскоп для знаков по году рождения. Тигр примет бразды правления от Быка 1 февраля в 2022 году. Пора узнать, что ждет каждого в следующие 12 месяцев.

Каким восточным знакам по году рождения повезет в 2022 году

Крыса (1948, 1960, 1972, 1984, 1996, 2008) – астрологи сулят вам на 2022 год Тигра много путешествий, увлекательных поездок. Обязательно соглашайтесь на командировки – их результат будет оправдан. Окружающие будут покорены вашей харизмой, появятся новые друзья. Рутинной работой заниматься не рекомендуется – могут возникать различные сложности.

Бык (1949, 1961, 1973, 1985, 1997, 2009) – год Тигра будет наполнен приятными событиями, которые не забудутся до конца жизни. Трудолюбие, терпеливость и реализм претят символу 2022 года. Следующие 12 месяцев ознаменуются стабильностью и уверенностью. Появится возможность неплохо заработать.

Змея (1941, 1953, 1965, 1977, 1989, 2001, 2013) – астрологи рекомендуют в год Тигра заняться собственным здоровьем, избавиться от депрессии, невроза, панических атак. Благодаря самообладанию и выдержке вы добьетесь желаемого. В 2022 году произойдут изменения на работе: кто-то «положил глаз» на ваше место.

Коза (1943, 1955, 1967, 1979, 1991, 2003, 2015) – в новом 2022 году ожидается полный штиль. Для формирования стабильного финансового потока придется усилить работоспособность. Влиятельный человек поможет с работой: научитесь договариваться, идти на компромисс.

Свинья (1947, 1959, 1971, 1983, 1995, 2007) – год Тигра будет комфортным для вас. Новая сфера деятельности увлечет, предоставит новые возможности. Найдите хобби по душе, заведите новые знакомства, полезные связи. Займитесь личной жизнью.

Кому будет благоволить Тигре в 2022 году

Тигр (1950, 1962, 1974, 1986, 1998, 2010) – в новом году ваш круг общения значительно расширится, и вы заручитесь поддержкой новых знакомых. В «свой» год вы составите достойную конкуренцию «акулам» бизнеса, заслужите авторитет своим упрямством и настойчивостью. Новый 2022 год будет финансово стабильным.

Кот/Кролик (1951, 1963, 1975, 1987, 1999, 2011) – получаемая информация будет быстро усваиваться. Проведите анализ своих действий, запишитесь на интересные курсы. Год Тигра будет благоприятным для создания крепкой семьи и рождения ребенка.

Петух (1945, 1957, 1969, 1981, 1993, 2005) – 2022 год активного самовыражения будет у вас. Благодаря тому, что вы умеет открыто себя проявить, станете независимым, свободолюбивым. Все конфликты с разногласиями будут решены в кратчайшие сроки.

Восточный гороскоп на 2022 год: настоящие счастливчики

Дракон (1940, 1952, 1964, 1976, 1988, 2000, 2012) – энергия, мужество, терпение, мудрость помогут принять эффективные и нестандартные решения, которые приведут к карьерному росту. В год Тигра укрепятся родственные связи, будут запущены интересные и прибыльные проекты.

Лошадь (1942, 1954, 1966, 1978, 1990, 2002, 2014) – благоприятным станет для вас 2022 год Тигра, если будете развивать коммуникативные способности. Вы легко находите общий язык с незнакомцами, у вас много друзей. Новые лица в кругу общения помогут устроиться на хорошую работу. Важные дела будут решены в кратчайшие сроки, улучшатся отношения с партнером.

Обезьяна (1944, 1956, 1968, 1980, 1992, 2004, 2016) – грядет хороший и счастливый год для вас. Тигр будет благоволить тем, кто захочет заниматься благотворительностью. Астрологи рекомендуют заниматься творческими и активными работами, максимум времени проводить с родственниками, устанавливать новые семейные традиции.

Собака (1946, 1958, 1970, 1982, 1994, 2006) – в год Тигра вы получите много знаний и навыков, которые успешно примените в ближайшее время, и получите за это хорошее вознаграждение. Год будет действительно счастливым, финансово стабильным, главное – избегать авантюр и неоправданных рисков.",4153
20220101,202201,UKRAINIAN,,23,https://kino.24tv.ua/ru/novogodnie-multfilmy-dlja-vsej-semi-dushevnaja-podborka-dlja_n1831930,"Рождество – это самый прекрасный праздник, который с большим нетерпением ждут дети и взрослые. Так как он полон радости, и каждый ждет в это время чуда. Ничто так не помогает окунуться в атмосферу праздника, как шедевры мировой анимации. Мы подготовили пятерку лучших.

Не пропустите Разрушаем мифы в кино: 5 популярных стереотипов о казино, которые нам навязывает Голливуд

Рождественская история

(A Christmas Carol)

Год выхода: 2009

О сюжете

Великолепная анимационная драма от студии Walt Disney Pictures ""Рождественская история"" является экранизацией повести известного классика мировой литературы Чарльза Диккенса.

События картины разворачиваются вокруг пожилого мужчины по имени Эбенезер Скрудж. Он жуткий скряга, и каждый день думает только о том, как бы сэкономить лишний цент. У него нет ни капельки сочувствия к бедным людям, да и ко всему прочему, Скруджу просто чужды дружба, любовь, а Рождество он вообще не считает праздником.

Однако в преддверии этого светлого и доброго праздника Эбенезеру предстоит пережить еще раз свое прошлое и увидеть настоящее и будущее, что заставит его по-другому взглянуть на мир, и это изменит его навсегда.

Трейлер мультфильма ""Рождественская история"": смотрите видео онлайн

Актер всегда находится в центре внимания на съемочной площадке. Так же, как SlotoKing среди любителей азартных игр. Это онлайн-казино занимает лидирующие позиции среди украинских аналогов, так как предоставляет только высококачественный сервис.

Полярный экспресс

(The Polar Express)

Год выхода: 2004

О сюжете

Мультфильм режиссера Роберта Земекиса, снятый по мотивам одноименной книги Криса Ван Оллсбурга.

Сюжет рассказывает о необычных путешествиях маленького мальчика по Северному полюсу в волшебном поезде к Санта-Клаусу. Мальчик верит в Санту, вопреки тому, что все его друзья и семья в один голос утверждают, что это лишь сказка. И вот однажды вера мальчика вознаграждается.

В канун Рождества мальчик вдруг получает возможность поехать на волшебном поезде к нему в гости. И в то время, как на спящий мир опускается Рождественская ночь, пассажиры экспресса мчатся на Северный полюс, встречая приключения и опасности на своем пути, которые подстерегают их в зловещих горах, темных лесах и ледяной тундре. Героев ждут удивительные путешествия на пути к их цели.

Трейлер мультфильма ""Полярный экспресс"": смотрите видео онлайн



Клаус

(Klaus)

Год выхода: 2019

О сюжете

История о том, как все началось...

Когда эгоистичный и ленивый сын богатого магната Джеспер проваливает учебу в почтовой академии, заслуженно становясь худшим студентом, отец парня отправляет его на перевоспитание на отдаленный остров за полярным кругом.

Чтобы вернуться домой и пользоваться благами родительского достатка, Джесперу придется послать шесть тысяч писем, однако вскоре он обнаруживает, что местные жители, разделенные на два противоборствующих лагеря, вообще не пользуются почтовыми услугами.

Джеспер, раздосадованный очередной неудачей, собирается признать миссию невыполнимой, но неожиданно находит союзников – очаровательную учительницу Альву и таинственного лесоруба Клауса.

Трейлер мультфильма ""Клаус"": смотрите видео онлайн



Хранители снов

(Rise of the Guardians)

Год выхода: 2012

О сюжете

Это полнометражный мультфильм-сказка, созданный по книге писателя Уильяма Джойса.

Герои этой истории, Санта-Клаус, Пасхальный кролик, Зубная фея и Песочный человек, дружат с детства, а теперь они являются одной дружной командой, которая охраняет сны малышей. Все шло замечательно, пока на горизонте не появился злой дух. Ему совсем не по нраву то, что дети очень много мечтают, и в планы злодея входит заменить детские фантазии ночными кошмарами.

Восемнадцатилетний Ледяной Джек приходит на помощь хранителям и возглавляет борьбу против злого духа. Ситуация осложняется тем, что прихвостни злодея похитили помощниц Зубной Феи и детские зубки, в том числе и зубы Джека, что лишает стража детских воспоминаний. Однако отступать нельзя. Детей, их мечты и веру надо спасти.

Трейлер мультфильма ""Хранители снов"": смотрите видео онлайн



Секретная служба Санта-Клауса

(Arthur Christmas)

Год выхода: 2011

О сюжете

Мультфильм погружает зрителя в мир захватывающих приключений Санта-Клауса и его младшего сына Артура. Каждый ребенок старается вести себя хорошо, чтобы в Новый Год увидеть под елкой желанные подарки, но одна девочка, несмотря на то, что весь год вела себя хорошо, осталась без подарка. Как такое могло произойти?

Почему верные помощники Санта-Клауса, эльфы, допустили такую ошибку? Ведь это же волшебный праздник, и у каждого ребенка должен быть подарок! Ситуацию решает исправить Артур, сын Санта-Клауса, который работает в почтовом отделении. Храбрый мальчик решается на опасные приключения ради справедливости.

Трейлер мультфильма ""Секретная служба Санта Клауса"": смотрите видео онлайн

Сайт 24 канала поздравляет всех с Новым годом и Рождеством Христовым. Спасибо, что доверяете – мы вместе меняем страну к лучшему.",4963
20220101,202201,SLAVIC,UKRAINE,141,https://www.kramatorsk.info/view/272909,,0
20220102,202201,POLAND,UKRAINIAN,20,https://www.volynnews.com/news/all/chomu-v-polshchi-vse-chastishe-napadaiut-na-zarobitchan-z-ukrayiny/,"УВАГА! Користувач www.volynnews.com має розуміти, що коментування на сайті створені аж ніяк не для політичного піару чи антипіару, зведення особистих рахунків, комерційної реклами, образ, безпідставних звинувачень та інших некоректних і негідних речей.
                    Утім коментарі – це не редакційні матеріали, не мають попередньої модерації, суб’єктивні повідомлення і можуть містити недостовірну інформацію.",416
20220102,202201,RUSSIA,UKRAINE,112,https://www.cas.sk/cl/1003185/2626559/biden-telefonoval-s-ukrajinskym-prezidentom-usa-budu-na-rusku-invaziu-reagovat,,0
20220102,202201,UKRAINE,,50,https://www.lematin.ch/story/joe-biden-assure-au-president-ukrainien-de-son-soutien-face-a-la-russie-753628635749,"Le président Biden a assuré à son homologue ukrainien Volodymyr Zelensky que les États-Unis «répondront énergiquement» en cas d’attaque russe.

Le président américain Joe Bide, le 21 décembre 2021 à la Maison-Blanche, à Washington. AFP

Le président américain Joe Biden a assuré à son homologue ukrainien Volodymyr Zelensky, lors d’un appel téléphonique dimanche, que les États-Unis et ses alliés «répondront énergiquement» si la Russie envahissait l’Ukraine.

«Le président Biden a dit clairement que les États-Unis et ses alliés répondront énergiquement si la Russie envahit davantage l’Ukraine», a indiqué dans un communiqué la porte-parole de la Maison-Blanche, Jen Psaki. Joe Biden a également souligné l’engagement de Washington «au principe de «rien à propos de vous sans vous», faisant apparemment référence à la nécessité d’inclure l’Ukraine dans les négociations sur son propre avenir.

«Nous apprécions l’indéfectible soutien à l’Ukraine (de la part des USA)», a réagi Volodymyr Zelensky sur Twitter. «Nous avons évoqué les actions conjointes de l’Ukraine, des États-Unis et de ses partenaires pour maintenir la paix en Europe et éviter une aggravation de la situation».

Pourparlers à Genève

Les 9 et 10 janvier, Russie et États-Unis engageront des pourparlers sur l’Ukraine à Genève. Menés par la vice-secrétaire d’État américaine Wendy Sherman et son homologue russe Sergueï Riabkov, ils seront suivis, le 12 janvier, d’une rencontre Russie-OTAN puis, le 13 janvier, d’une réunion dans le cadre de l’OSCE.

Publicité

Vendredi dernier, Joe Biden avait déjà assuré avoir de nouveau mis en garde le président russe contre une tentative d’invasion de l’Ukraine lors d’un entretien téléphonique la veille: «J’ai dit clairement au président Poutine que nous adopterions des sanctions sévères et que nous augmenterions notre présence en Europe, chez nos alliés de l’OTAN».

«Nous avons été clairs: il ne peut pas, je répète, il ne peut pas envahir l’Ukraine», a insisté Joe Biden. Il s’agissait de la seconde conversation téléphonique entre les deux chefs d’État en trois semaines, en raison des tensions autour de l’Ukraine pro-occidentale, avec la mobilisation de troupes russes à la frontière orientale de l’Ukraine.

«Sanctions sévères»

Ce dimanche, le dirigeant américain a par ailleurs «exprimé son soutien aux mesures de confiance pour désamorcer les tensions dans le Donbass et à une diplomatie active pour faire avancer la mise en œuvre des Accords de Minsk», selon Jen Psaki. Selon ces accords, conclus sous l’égide de la France et de l’Allemagne, l’Ukraine a accepté de mener des réformes politiques et la Russie de mettre fin à son soutien aux rebelles séparatistes prorusses.

Publicité

Washington et ses alliés européens accusent Moscou de menacer l’Ukraine d’une nouvelle invasion, après celle de la Crimée en 2014, et d’avoir fomenté une guerre séparatiste prorusse qui a éclaté la même année dans l’Est. Quelque 100’000 soldats russes sont massés près de la frontière du pays.

Pour Moscou, la sécurité de la Russie passe par l’interdiction de tout élargissement de l’OTAN, perçue comme une menace existentielle, et la fin des activités militaires occidentales à proximité des frontières russes, zone qu’elle considère comme relevant de son aire d’influence.",3286
20220102,202201,UKRAINIAN,,173,https://kosice.korzar.sme.sk/c/22812499/rusi-12-rokov-patrali-po-ukrajincovi-obvinenom-z-vrazdy-uz-je-v-kosickej-vaznici.html,,0
20220102,202201,UKRAINE,UNITED STATES,41,https://gazeta.ua/articles/politics/_rozmova-zelenskogo-ta-bajdena-pro-scho-govorili-lideri/1065472,"Президенти США та України провели телефонну розмову. Фото: Reuters

2 січня президенти США та України Джо Байден і Володимир Зеленський провели телефонну розмову.

Під час перемовин американський лідер чітко дав зрозуміти, що США із союзниками й партнерами дадуть рішучу відповідь, якщо Росія вторгнеться в Україну.

""Байден підкреслив прихильність США, їхніх союзників і партнерів принципу ""нічого про вас без вас"", - ідеться в повідомленні Білого дому.

Також він підтвердив відданість США суверенітету й територіальній цілісності України. І висловив підтримку заходам зміцнення довіри для деескалації напруженості на Донбасі та активній дипломатії для впровадження Мінських домовленостей на підтримку ""нормандського формату"".

Лідери також висловили підтримку дипломатичним зусиллям, які розпочнуться наступного тижня з двостороннього діалогу про стратегічну стабільність, у НАТО через Раду Росія-НАТО та в Організації з безпеки й співробітництва в Європі.

ЧИТАЙТЕ ТАКОЖ: Україна отримає додаткову допомогу від США

Президенти РФ і США Володимир Путін і Джо Байден провели телефонну розмову вдруге за місяць. Головна тема - агресія РФ проти України.",1153
20220102,202201,UKRAINIAN,A US,100,https://naslovi.net/2022-01-03/blic/da-sacuvamo-mir-u-evropi-zelenski-razgovarao-sa-bajdenom-o-akcijama-u-ukrajini-reformi-i-borbama-protiv-oligarha/29657762,"Ukrajinski predsednik Volodimir Zelenski rekao je da je sa američkim predsenikom Džoom Bajdenom u nedelju razgovarao o akcijama koje treba preduzeti kako bi se sačuvao mir u Evropi, reformama i borbi protiv oligarha u Ukrajini. - Razgovarali smo o zajedničkim akcijama Ukrajine, SAD i partnera kako bismo sačuvali mir u Evropi i sprečili dalju eskalaciju, reformama i bobi protiv oligarhije. Cenimo nepokolebljivu podršku Ukrajini - napisao je Zelenski na Tviteru.",464
