Country,Global_Peace_Index,Human Development Index (HDI) ,Life expectancy at birth,Expected years of schooling,Mean years of schooling,Gross national income (GNI) per capita,GNI per capita rank minus HDI rank,GDP/Capita,Latitude,Longitude
iceland,1.095,0.972,82.7,18.9,13.9,69117,12,86040.5309851288,64.963051,-19.020835
norway,1.644,0.97,83.3,18.8,13.1,112710,0,86785.4334489176,60.472024,8.468946
switzerland,1.294,0.97,84,16.7,13.9,81949,5,103998.186685604,46.818188,8.227512
denmark,1.393,0.962,81.9,18.7,13,76008,4,71026.4832271897,56.26392,9.501785
germany,1.533,0.959,81.4,17.3,14.3,64053,13,56103.7323182554,51.165691,10.451526
sweden,1.709,0.959,83.3,19,12.7,66102,10,57117.4877440616,60.128161,18.643501
australia,1.505,0.958,83.9,20.7,12.9,58277,14,64603.9856308464,-25.274398,133.775136
hong kong,,0.955,85.5,16.9,12.4,69436,4,54074.6928519479,22.396428,114.109497
netherlands,1.491,0.955,82.2,18.6,12.7,68344,6,67520.4218956281,52.132633,5.291266
belgium,1.492,0.951,82.1,19,12.7,63582,9,56614.5679499036,50.503887,4.469936
ireland,1.26,0.949,82.4,19.2,11.7,90885,-6,112894.953240805,53.41291,-8.24389
finland,1.42,0.948,81.9,19.5,13,57068,10,53149.7671934051,61.92411,25.748151
singapore,1.357,0.946,83.7,16.7,12,111239,-10,90674.066632628,1.352083,103.819836
united kingdom,1.634,0.946,81.3,17.8,13.5,54372,13,53246.3676145108,55.378051,-3.435973
united arab emirates,1.812,0.94,82.9,15.6,13,71142,-4,50273.5060469837,23.424076,53.847818
canada,1.491,0.939,82.6,15.9,13.9,54688,9,54340.3477224733,56.130366,-106.346771
liechtenstein,,0.938,83.6,15.4,12.4,166812,-16,,47.166,9.555373
new zealand,1.282,0.938,82.1,19.3,12.9,47260,17,49205.1792146792,-40.900557,174.885971
united states,2.443,0.938,79.3,15.9,13.9,73650,-7,84534.0407841548,37.09024,-95.712891
korea (republic of),1.736,0.937,84.3,16.6,12.7,49726,11,36238.639908315,35.907757,127.766922
slovenia,1.409,0.931,81.6,17.5,13,46361,15,34301.0318686594,46.151241,14.995463
austria,1.294,0.93,82,16.3,12.4,63479,-2,58268.8787651601,47.516231,14.550072
japan,1.44,0.925,84.7,15.5,12.7,47775,10,32487.0778047567,36.204824,138.252924
malta,,0.924,83.3,15.9,12.4,52155,5,43898.5781808597,35.937496,14.375416
luxembourg,,0.922,82.2,14.4,12.6,85461,-19,137781.681659123,49.815273,6.129583
france,1.967,0.92,83.3,16.1,11.8,55060,-2,46103.0840855884,46.227638,2.213749
israel,3.108,0.919,82.4,14.9,13.5,48050,5,54176.6844383302,31.046051,34.851612
spain,1.578,0.918,83.7,17.8,10.8,46008,9,35326.7683069278,40.463667,-3.74922
czechia,1.435,0.915,79.8,16.8,13,45889,9,31823.3078290564,,
italy,1.662,0.915,83.7,16.7,10.8,52389,-1,40385.3413957669,41.87194,12.56738
san marino,,0.915,85.7,14.6,11.4,64706,-13,,43.94236,12.457777
andorra,,0.913,84,14.5,11.6,64631,-15,49303.6491674336,42.546245,1.601554
cyprus,1.933,0.913,81.6,16.2,12.6,45394,7,38674.29296875,35.126413,33.429859
greece,1.764,0.908,81.9,20.8,11.6,35761,17,24626.1481858973,39.074208,21.824312
poland,1.713,0.906,78.6,16.7,13.2,42218,5,25103.565661423,51.919438,19.145136
estonia,1.559,0.905,79.2,16,13.6,40881,8,31428.3547816104,58.595272,25.013607
saudi arabia,2.035,0.9,78.7,16.9,11.6,50299,-7,35121.6628687742,23.885942,45.079162
bahrain,2.099,0.899,81.3,15.9,11.1,52819,-11,29653.5682731534,25.930414,50.637772
lithuania,1.558,0.895,76,16.5,13.6,41916,2,29384.0189598663,55.169438,23.881275
portugal,1.371,0.89,82.4,17.5,9.7,41064,3,29292.242104753,39.399872,-8.224454
croatia,1.519,0.889,78.6,16.3,12.1,41380,1,24050.4397933135,45.1,15.2
latvia,1.558,0.889,76.2,16.5,13.4,37998,6,23409.0845154775,56.879635,24.603189
qatar,1.593,0.886,82.4,13.1,10.8,105353,-39,76688.6941743178,25.354826,51.183884
slovakia,1.609,0.88,78.3,14.9,13.1,36793,5,,48.669026,19.699024
chile,1.899,0.878,81.2,16.9,11.3,28047,16,16709.8893972307,-35.675147,-71.542969
hungary,1.5,0.87,77,15.5,12.3,37236,2,23292.3263882478,47.162494,19.503304
argentina,1.768,0.865,77.4,18.8,11.2,25876,20,13969.7836603737,-38.416097,-63.616672
montenegro,1.685,0.862,77.1,15.5,12.8,28026,14,13263.3281277699,42.708678,19.37439
uruguay,1.784,0.862,78.1,17.5,10.5,28650,12,23906.5133029408,-32.522779,-55.765835
oman,1.738,0.858,80,13.4,11.9,36096,0,20285.2272897377,21.512583,55.923255
türkiye,2.852,0.853,77.2,19.8,9,34507,1,,,
kuwait,1.642,0.852,80.4,15.9,7.6,56612,-29,32717.7186631255,29.31166,47.481766
antigua and barbuda,,0.851,77.6,15.5,11.6,27387,10,23542.4526945578,17.060816,-61.796428
seychelles,,0.848,72.9,18.2,11.2,29195,4,17858.8226383978,-4.679574,55.491977
bulgaria,1.61,0.845,75.6,15.3,11.5,32175,0,17596.0173663521,42.733883,25.48583
romania,1.721,0.845,75.9,14.1,11.6,39374,-10,20080.2096215595,45.943161,24.96676
georgia,2.185,0.844,74.5,16.8,12.7,20753,18,9241.49122313713,42.315407,43.356892
saint kitts and nevis,,0.84,72.1,18.4,10.8,29105,1,,17.357822,-62.782998
panama,2.006,0.839,79.6,13.3,10.8,34385,-6,19161.2188501596,8.537981,-80.782127
brunei darussalam,,0.837,75.3,13.7,9.3,75827,-51,33153.4738913513,,
kazakhstan,1.875,0.837,74.4,14,12.5,30989,-4,14154.6324958076,48.019573,66.923684
costa rica,1.843,0.833,80.8,16.3,8.8,23417,6,18587.1532203482,9.748917,-83.753428
serbia,1.914,0.833,76.8,15,11.6,23115,7,13679.2065983557,44.016521,21.005859
russian federation,3.441,0.832,73.2,13.2,12.4,39222,-18,14889.0185546875,,
belarus,2.267,0.824,74.4,13.7,12.3,26725,1,8317.63399913792,53.709807,27.953389
bahamas,,0.82,74.6,11.9,12.8,30975,-9,,25.03428,-77.39628
malaysia,1.469,0.819,76.7,12.7,11.1,32553,-13,11874.4273684245,4.210484,101.975766
north macedonia,1.799,0.815,77.4,14.8,10.2,22128,2,9291.85661671864,,
armenia,1.893,0.811,75.7,14.4,11.3,20221,9,8556.21406956719,40.069099,45.038189
barbados,,0.811,76.2,16.6,9.9,17328,20,26544.8707282621,13.193887,-59.543198
albania,1.812,0.81,79.6,14.5,10.2,17627,16,11377.7757431099,41.153332,20.168331
trinidad and tobago,2.02,0.807,73.5,14.2,10.8,27000,-7,18733.4110406494,10.691803,-61.222503
mauritius,1.586,0.806,74.9,14.2,10.1,27280,-9,11990.7798944837,-20.348404,57.552152
bosnia and herzegovina,1.895,0.804,77.9,13.2,11,19827,6,9358.78768951134,43.915886,17.679076
iran,2.75,0.799,77.7,14,10.8,16096,19,,32.427908,53.688046
saint vincent and the grenadines,,0.798,71.2,16.3,11.3,17247,14,,12.984305,-61.287228
thailand,2.017,0.798,76.4,15.4,9,20570,1,7346.62022142185,15.870032,100.992541
china,2.093,0.797,78,15.5,8,22029,-7,13303.1481543868,35.86166,104.195397
peru,2.073,0.794,77.7,14.9,10.2,14339,23,8452.37167056621,-9.189967,-75.015152
grenada,,0.791,75.2,16.6,9.4,14349,21,11705.0902976658,12.262776,-61.604171
azerbaijan,2.067,0.789,74.4,12.9,11.1,20668,-5,7283.8499076179,40.143105,47.576927
mexico,2.636,0.789,75.1,14.5,9.3,21813,-8,14185.7812248529,23.634501,-102.552784
colombia,2.695,0.788,77.7,14.3,9,18666,1,7919.20886825345,4.570868,-74.297333
brazil,2.472,0.786,75.8,15.8,8.4,18011,1,10310.5488778166,-14.235004,-51.92528
palau,,0.786,69.3,14.1,13.3,16035,11,,7.51498,134.58252
moldova (republic of),,0.785,71.2,14.6,11.8,15867,11,,,
ukraine,3.434,0.779,73.4,13.3,11.1,16933,5,5389.47314453125,48.379433,31.16558
ecuador,2.459,0.777,77.4,14.9,9,13986,15,6874.705739766,-1.831239,-78.183406
dominican republic,1.996,0.776,73.7,13.6,9.4,22024,-17,10875.6618443092,18.735693,-70.162651
guyana,2.149,0.776,70.2,13,8.7,46959,-54,29675.2443873316,4.860416,-58.93018
sri lanka,2.075,0.776,77.5,13.1,10.8,12616,22,4515.56787322732,7.873054,80.771797
tonga,,0.769,72.9,17.8,10.9,7438,38,,-21.178986,-175.198242
maldives,,0.766,81,12.8,7.4,19317,-11,13379.3513577224,3.202778,73.22068
viet nam,1.721,0.766,74.6,15.5,9,13033,14,4717.29028732449,,
turkmenistan,2.019,0.764,70.1,13.2,11.2,17716,-9,6856.65802730208,38.969719,59.556278
algeria,2.042,0.763,76.3,15.5,7.4,15114,3,5752.99076651465,28.033886,1.659626
cuba,2.123,0.762,78.1,13.9,10.6,8415,30,,21.521757,-77.781167
dominica,,0.761,71.1,14.2,10.1,16001,-2,10405.2787777582,15.414999,-61.370976
paraguay,1.981,0.756,73.8,14,8.9,15252,-1,6416.09708970845,-23.442503,-58.443832
egypt,2.157,0.754,71.6,13.1,10.1,16218,-7,,26.820553,30.802498
jordan,1.957,0.754,77.8,13.1,10.2,9222,22,4618.09592498567,30.585164,36.238414
lebanon,2.674,0.752,77.8,11.7,10.4,11299,13,,33.854721,35.862285
saint lucia,,0.748,72.7,12.7,8.6,20900,-29,,13.909444,-60.978893
mongolia,1.719,0.747,71.7,13.6,9.4,14787,-4,6750.6301157724,46.862496,103.846656
tunisia,1.998,0.746,76.5,14.7,7.6,12011,9,4181.13789301228,33.886917,9.537499
south africa,2.347,0.741,66.1,13.8,11.6,13694,0,6267.186814093,-30.559482,22.937506
uzbekistan,1.926,0.74,72.4,12.5,11.9,8826,17,3161.70010632875,41.377491,64.585262
bolivia (plurinational state of),,0.733,68.6,15.6,10,9445,13,,,
gabon,2.238,0.733,68.3,12.5,9.7,18854,-25,8230.04311451151,-0.803689,11.609444
marshall islands,,0.733,66.9,16.4,11.6,7224,23,7726.33668877794,7.131474,171.184478
botswana,1.743,0.731,69.2,11.4,10.5,16984,-20,7695.75319445165,-22.328474,24.684866
fiji,,0.731,67.3,13.8,10.4,12843,-3,6425.74151715712,-16.578193,179.414413
indonesia,1.786,0.728,71.1,13.3,8.7,13700,-8,4925.43048751861,-0.789275,113.921327
suriname,,0.722,73.6,11,8.4,17344,-26,6961.78955961526,3.919305,-56.027783
belize,,0.721,73.6,12,8.8,12343,-2,7681.24400583113,17.189877,-88.49765
libya,2.478,0.721,69.3,12.9,7.8,19831,-36,6569.16408678648,26.3351,17.228331
jamaica,2.047,0.72,71.5,12.4,10,10057,2,7753.8006955432,18.109581,-77.297508
kyrgyzstan,,0.72,71.7,12.7,12.1,6078,24,,41.20438,74.766098
philippines,2.148,0.72,69.8,12.8,10,10731,0,3984.8315387656,12.879721,121.774017
morocco,2.012,0.71,75.3,15.1,6.2,8653,5,4153.1943359375,31.791702,-7.09262
venezuela (bolivarian republic of),,0.709,72.5,13,9.7,7157,11,,,
samoa,,0.708,71.7,12.4,11.3,5952,21,5392.87761915762,-13.759029,-172.104629
nicaragua,2.207,0.706,74.9,11.5,9.9,6881,11,2847.53966339498,12.865416,-85.207229
nauru,,0.703,62.1,12.8,9.4,19642,-43,13609.158837552,-0.522778,166.931503
bhutan,1.536,0.698,73,13.2,5.8,13843,-21,,27.514162,90.433601
eswatini (kingdom of),,0.695,64.1,15.2,8.7,9919,-6,,,
iraq,2.862,0.695,72.3,12.4,6.8,12654,-16,6073.61032342708,33.223191,43.679291
tajikistan,1.996,0.691,71.8,10.8,11.3,5747,17,1341.20229027672,38.861034,71.276093
tuvalu,,0.689,67.1,12.4,10.8,7006,4,,-7.109535,177.64933
bangladesh,2.318,0.685,74.7,12.3,6.8,8498,-4,2593.41611680774,23.684994,90.356331
india,2.229,0.685,72,13,6.9,9047,-7,2694.73780859961,20.593684,78.96288
el salvador,2.136,0.678,72.1,11.1,7.3,10595,-14,5579.65969165029,13.794185,-88.89653
equatorial guinea,2.004,0.674,63.7,12.5,8.3,12762,-24,6745.40013244916,1.650801,10.267895
"palestine, state of",,0.674,65.2,13,10.1,6547,5,,,
cabo verde,,0.668,76.1,11.4,6.1,8165,-7,5192.48157325878,,
namibia,1.789,0.665,67.4,11.8,7.3,10917,-20,4413.12752211572,-22.95764,18.49041
guatemala,2.174,0.662,72.6,10.7,5.8,12459,-25,6150.02571438505,15.783471,-90.230759
congo,2.132,0.649,65.8,12.7,8.3,5903,6,,,
honduras,2.347,0.645,72.9,10.2,7.5,6065,3,3426.43483328923,15.199999,-86.241905
kiribati,,0.644,66.5,11.9,9.1,4947,11,2288.63471423684,-3.370417,-168.734039
sao tome and principe,,0.637,69.7,12.9,6,5583,6,3490.56883486557,,
timor-leste,1.758,0.634,67.7,13.3,6.2,5435,8,1331.9705130185,-8.874217,125.727539
ghana,1.898,0.628,65.5,11.4,7.1,6846,-8,2390.77237652715,7.946527,-1.023194
kenya,2.392,0.628,63.6,11.5,8.6,5608,3,2132.43452097647,-0.023559,37.906193
nepal,1.987,0.622,70.4,13.8,4.5,4726,10,1447.31004458428,28.394857,84.124008
vanuatu,,0.621,71.5,11.8,7.2,3404,20,3410.77023167097,-15.376706,166.959158
lao people's democratic republic,1.783,0.617,69,9.6,6.1,8106,-18,,,
angola,1.987,0.616,64.6,12.2,6,6631,-11,2665.87444776753,-11.202692,17.873887
micronesia (federated states of),,0.615,67.2,11.5,7.3,4246,7,,,
myanmar,3.045,0.609,66.9,11.5,6.4,4919,3,1359.05001560107,,
cambodia,2.019,0.606,70.7,11.2,5.2,4931,1,2627.87969756224,12.565679,104.990963
comoros,,0.603,66.8,13.3,6,3481,12,1662.75663312504,-11.875001,43.872219
zimbabwe,2.223,0.598,62.8,11.1,8.9,3511,9,2497.20332208763,-19.015438,29.154857
zambia,1.914,0.595,66.3,11,7.4,3447,11,1187.10943350064,-13.133897,27.849332
cameroon,2.683,0.588,63.7,10.8,6.6,4746,-1,1830.00833684727,7.369722,12.354722
solomon islands,,0.584,70.5,11.3,5.9,2777,18,1933.55538435227,-9.64571,160.156194
côte d'ivoire,2.066,0.582,61.9,11.4,4.9,6735,-21,,7.539989,-5.54708
uganda,2.217,0.582,68.3,11.6,6.3,2736,18,1077.91278452817,1.373333,32.290275
rwanda,2.036,0.578,67.8,12.6,4.9,2971,9,999.65456165547,-1.940278,29.873888
papua new guinea,2.23,0.576,66.1,11.5,5,3971,-2,3006.70564478923,-6.314993,143.95555
togo,2.381,0.571,62.7,13.1,5.9,2856,9,1119.38160509429,8.619543,0.824782
syrian arab republic,3.184,0.564,72.1,7.4,5.9,3918,-3,,,
mauritania,2.204,0.563,68.5,7.9,4.9,6267,-23,2110.12036938187,21.00789,-10.940835
nigeria,2.869,0.56,54.5,10.5,7.6,5569,-16,1084.16041805436,9.081999,8.675277
tanzania (united republic of),,0.555,67,8.6,6.1,3515,-4,,,
haiti,2.731,0.554,64.9,10.9,5.4,2935,3,2142.62330526788,18.971187,-72.285215
lesotho,2.267,0.55,57.4,11,7.7,3029,0,971.90771824829,-29.609988,28.233608
pakistan,2.797,0.544,67.6,7.9,4.3,5501,-19,1478.77277977996,30.375321,69.345116
senegal,1.936,0.53,68.7,9.1,2.9,4202,-12,1773.21829923448,14.497401,-14.452362
gambia,1.855,0.524,65.9,9,4.7,2812,1,,13.443182,-15.310139
congo (democratic republic of the),3.292,0.522,61.9,10.9,7.4,1431,17,,,
malawi,1.955,0.517,67.4,9.9,5.2,1634,12,522.570393642547,-13.254308,34.301525
benin,2.211,0.515,60.8,10.4,3.2,3806,-13,1485.38018885134,9.30769,2.315834
guinea-bissau,2.112,0.514,64.1,10.6,3.7,2403,2,1007.74151728028,11.803749,-15.180413
djibouti,2.276,0.513,66,6.2,4,6368,-36,3552.72335079222,11.825138,42.590275
sudan,3.323,0.511,66.3,8.6,4,2810,-4,984.607666015625,12.862807,30.217636
liberia,1.939,0.51,62.2,10.5,6.2,1538,9,851.497723870206,6.428055,-9.429499
eritrea,2.542,0.503,68.6,7.3,5.1,2029,1,,15.179384,39.782334
guinea,2.253,0.5,60.7,10.4,2.5,3494,-16,1694.95375862193,9.945587,-9.696645
ethiopia,2.688,0.497,67.3,9.2,2.4,2796,-7,1133.88279681719,9.145,40.489673
afghanistan,3.229,0.496,66,10.8,2.5,1972,-1,,33.93911,67.709953
mozambique,2.273,0.493,63.6,10.8,4.6,1356,7,656.776824637306,-18.665695,35.529562
madagascar,1.895,0.487,63.6,9.1,4.6,1656,0,544.987501003384,-18.766947,46.869107
yemen,3.262,0.47,69.3,7.5,5.5,1018,7,,15.552727,48.516388
sierra leone,1.887,0.467,61.8,9.1,3.5,1714,-3,806.654650417726,8.460555,-11.779889
burkina faso,3.016,0.459,61.1,8.7,2.3,2391,-9,981.992649769081,12.238333,-1.561593
burundi,2.574,0.439,63.7,9.8,3.5,859,5,219.424830882698,-3.373056,29.918886
mali,3.061,0.419,60.4,7,1.6,2342,-10,1094.61949265799,17.570692,-3.996166
niger,2.759,0.419,61.2,8.3,1.4,1590,-3,735.270255787226,17.607789,8.081666
chad,2.593,0.416,55.1,8.3,2.3,1748,-9,961.55975562506,15.454166,18.732207
central african republic,2.912,0.414,57.4,7.4,4,1100,-1,516.160999996036,6.611111,20.939444
somalia,2.983,0.404,58.8,7.5,1.9,1475,-5,629.538899449007,5.152149,46.199616
south sudan,3.117,0.388,57.6,5.6,5.7,688,0,,,
