origin,destination,year,migration_flow,month,push_count,pull_count,mixed_count,unclear_count,n_articles,gpi_mentions,hdi_mentions,life_expectancy_mentions,expected_schooling_mentions,gdp_per_capita_mentions,distance_mentions,push_ratio,pull_ratio,mixed_ratio,unclear_ratio,w_gpi,w_hdi,w_life_expectancy,w_expected_schooling,w_gdp_per_capita,w_distance,origin_key,destination_key,origin_Country_key,origin_gpi,origin_hdi,origin_life_expectancy,origin_expected_schooling,origin_mean_schooling,origin_gdp_per_capita,origin_latitude,origin_longitude,dest_Country_key,dest_gpi,dest_hdi,dest_life_expectancy,dest_expected_schooling,dest_mean_schooling,dest_gdp_per_capita,dest_latitude,dest_longitude,distance_km,log_origin_gdp_pc,log_dest_gdp_pc,log_distance_km,gdp_pc_diff,hdi_diff,gpi_diff,pair_id,log_migration_flow,pred_log_migration_flow,pred_migration_flow,residual_log
Mexico,United States,2020-11,39177,2020-11,0.0,0.0,0.0,0.0,0.0,0.0,0.0,0.0,0.0,0.0,0.0,0.0,0.0,0.0,0.0,0.0,0.0,0.0,0.0,0.0,0.0,mexico,united states,mexico,2.636,0.789,75.1,14.5,9.3,14185.7812248529,23.634501,-102.552784,united states,2.443,0.938,79.3,15.9,13.9,84534.0407841548,37.09024,-95.712891,1632.5292513271158,9.560065910374933,11.344921411223837,7.398498138029319,70348.25955930189,0.1489999999999999,-0.19300000000000006,mexico__united states,10.575870643743345,10.942545455546222,56530.0574531106,-0.3666748118028771
Mexico,United States,2020-12,31433,2020-12,0.0,0.0,0.0,0.0,0.0,0.0,0.0,0.0,0.0,0.0,0.0,0.0,0.0,0.0,0.0,0.0,0.0,0.0,0.0,0.0,0.0,mexico,united states,mexico,2.636,0.789,75.1,14.5,9.3,14185.7812248529,23.634501,-102.552784,united states,2.443,0.938,79.3,15.9,13.9,84534.0407841548,37.09024,-95.712891,1632.5292513271158,9.560065910374933,11.344921411223837,7.398498138029319,70348.25955930189,0.1489999999999999,-0.19300000000000006,mexico__united states,10.355645388636274,10.942545455546222,56530.0574531106,-0.5869000669099478
Mexico,United States,2021-01,27721,2021-01,0.0,0.0,0.0,0.0,0.0,0.0,0.0,0.0,0.0,0.0,0.0,0.0,0.0,0.0,0.0,0.0,0.0,0.0,0.0,0.0,0.0,mexico,united states,mexico,2.636,0.789,75.1,14.5,9.3,14185.7812248529,23.634501,-102.552784,united states,2.443,0.938,79.3,15.9,13.9,84534.0407841548,37.09024,-95.712891,1632.5292513271158,9.560065910374933,11.344921411223837,7.398498138029319,70348.25955930189,0.1489999999999999,-0.19300000000000006,mexico__united states,10.229981600773298,10.942545455546222,56530.0574531106,-0.7125638547729238
Mexico,United States,2021-02,37976,2021-02,0.0,0.0,0.0,0.0,0.0,0.0,0.0,0.0,0.0,0.0,0.0,0.0,0.0,0.0,0.0,0.0,0.0,0.0,0.0,0.0,0.0,mexico,united states,mexico,2.636,0.789,75.1,14.5,9.3,14185.7812248529,23.634501,-102.552784,united states,2.443,0.938,79.3,15.9,13.9,84534.0407841548,37.09024,-95.712891,1632.5292513271158,9.560065910374933,11.344921411223837,7.398498138029319,70348.25955930189,0.1489999999999999,-0.19300000000000006,mexico__united states,10.544735992304938,10.942545455546222,56530.0574531106,-0.3978094632412841
Mexico,United States,2021-03,44726,2021-03,0.0,0.0,0.0,0.0,0.0,0.0,0.0,0.0,0.0,0.0,0.0,0.0,0.0,0.0,0.0,0.0,0.0,0.0,0.0,0.0,0.0,mexico,united states,mexico,2.636,0.789,75.1,14.5,9.3,14185.7812248529,23.634501,-102.552784,united states,2.443,0.938,79.3,15.9,13.9,84534.0407841548,37.09024,-95.712891,1632.5292513271158,9.560065910374933,11.344921411223837,7.398498138029319,70348.25955930189,0.1489999999999999,-0.19300000000000006,mexico__united states,10.708332625096508,10.942545455546222,56530.0574531106,-0.23421283044971375
Mexico,United States,2021-04,27368,2021-04,0.0,0.0,0.0,0.0,0.0,0.0,0.0,0.0,0.0,0.0,0.0,0.0,0.0,0.0,0.0,0.0,0.0,0.0,0.0,0.0,0.0,mexico,united states,mexico,2.636,0.789,75.1,14.5,9.3,14185.7812248529,23.634501,-102.552784,united states,2.443,0.938,79.3,15.9,13.9,84534.0407841548,37.09024,-95.712891,1632.5292513271158,9.560065910374933,11.344921411223837,7.398498138029319,70348.25955930189,0.1489999999999999,-0.19300000000000006,mexico__united states,10.217166265013583,10.942545455546222,56530.0574531106,-0.7253791905326388
Mexico,United States,2021-05,45326,2021-05,0.0,0.0,0.0,0.0,0.0,0.0,0.0,0.0,0.0,0.0,0.0,0.0,0.0,0.0,0.0,0.0,0.0,0.0,0.0,0.0,0.0,mexico,united states,mexico,2.636,0.789,75.1,14.5,9.3,14185.7812248529,23.634501,-102.552784,united states,2.443,0.938,79.3,15.9,13.9,84534.0407841548,37.09024,-95.712891,1632.5292513271158,9.560065910374933,11.344921411223837,7.398498138029319,70348.25955930189,0.1489999999999999,-0.19300000000000006,mexico__united states,10.721658160407951,10.942545455546222,56530.0574531106,-0.22088729513827055
Mexico,United States,2021-06,49431,2021-06,0.0,0.0,0.0,0.0,0.0,0.0,0.0,0.0,0.0,0.0,0.0,0.0,0.0,0.0,0.0,0.0,0.0,0.0,0.0,0.0,0.0,mexico,united states,mexico,2.636,0.789,75.1,14.5,9.3,14185.7812248529,23.634501,-102.552784,united states,2.443,0.938,79.3,15.9,13.9,84534.0407841548,37.09024,-95.712891,1632.5292513271158,9.560065910374933,11.344921411223837,7.398498138029319,70348.25955930189,0.1489999999999999,-0.19300000000000006,mexico__united states,10.808353266740815,10.942545455546222,56530.0574531106,-0.1341921888054074
Mexico,United States,2021-07,60059,2021-07,0.0,0.0,0.0,0.0,0.0,0.0,0.0,0.0,0.0,0.0,0.0,0.0,0.0,0.0,0.0,0.0,0.0,0.0,0.0,0.0,0.0,mexico,united states,mexico,2.636,0.789,75.1,14.5,9.3,14185.7812248529,23.634501,-102.552784,united states,2.443,0.938,79.3,15.9,13.9,84534.0407841548,37.09024,-95.712891,1632.5292513271158,9.560065910374933,11.344921411223837,7.398498138029319,70348.25955930189,0.1489999999999999,-0.19300000000000006,mexico__united states,11.003099341537322,10.942545455546222,56530.0574531106,0.060553885991099676
Mexico,United States,2021-08,56944,2021-08,0.0,0.0,0.0,0.0,0.0,0.0,0.0,0.0,0.0,0.0,0.0,0.0,0.0,0.0,0.0,0.0,0.0,0.0,0.0,0.0,0.0,mexico,united states,mexico,2.636,0.789,75.1,14.5,9.3,14185.7812248529,23.634501,-102.552784,united states,2.443,0.938,79.3,15.9,13.9,84534.0407841548,37.09024,-95.712891,1632.5292513271158,9.560065910374933,11.344921411223837,7.398498138029319,70348.25955930189,0.1489999999999999,-0.19300000000000006,mexico__united states,10.949841168708451,10.942545455546222,56530.0574531106,0.0072957131622288784
Mexico,United States,2021-09,59967,2021-09,0.0,0.0,0.0,0.0,0.0,0.0,0.0,0.0,0.0,0.0,0.0,0.0,0.0,0.0,0.0,0.0,0.0,0.0,0.0,0.0,0.0,mexico,united states,mexico,2.636,0.789,75.1,14.5,9.3,14185.7812248529,23.634501,-102.552784,united states,2.443,0.938,79.3,15.9,13.9,84534.0407841548,37.09024,-95.712891,1632.5292513271158,9.560065910374933,11.344921411223837,7.398498138029319,70348.25955930189,0.1489999999999999,-0.19300000000000006,mexico__united states,11.001566365598094,10.942545455546222,56530.0574531106,0.05902091005187238
Mexico,United States,2021-10,63828,2021-10,0.0,0.0,0.0,0.0,0.0,0.0,0.0,0.0,0.0,0.0,0.0,0.0,0.0,0.0,0.0,0.0,0.0,0.0,0.0,0.0,0.0,mexico,united states,mexico,2.636,0.789,75.1,14.5,9.3,14185.7812248529,23.634501,-102.552784,united states,2.443,0.938,79.3,15.9,13.9,84534.0407841548,37.09024,-95.712891,1632.5292513271158,9.560065910374933,11.344921411223837,7.398498138029319,70348.25955930189,0.1489999999999999,-0.19300000000000006,mexico__united states,11.063962911512936,10.942545455546222,56530.0574531106,0.12141745596671427
Mexico,United States,2021-11,67688,2021-11,69.0,26.0,5.0,9.0,109.0,265.0,43.0,118.0,64.0,190.0,1192.0,0.6330275229357798,0.23853211009174313,0.045871559633027525,0.08256880733944955,0.0037593984962406013,0.022727272727272728,0.008403361344537815,0.015384615384615385,0.005235602094240838,0.0008382229673093043,mexico,united states,mexico,2.636,0.789,75.1,14.5,9.3,14185.7812248529,23.634501,-102.552784,united states,2.443,0.938,79.3,15.9,13.9,84534.0407841548,37.09024,-95.712891,1632.5292513271158,9.560065910374933,11.344921411223837,7.398498138029319,70348.25955930189,0.1489999999999999,-0.19300000000000006,mexico__united states,11.122678964162622,11.102935142395483,66364.66725930863,0.019743821767139735
Mexico,United States,2021-12,52482,2021-12,30.0,22.0,2.0,3.0,57.0,136.0,16.0,42.0,15.0,79.0,702.0,0.5263157894736842,0.38596491228070173,0.03508771929824561,0.05263157894736842,0.0072992700729927005,0.058823529411764705,0.023255813953488372,0.0625,0.0125,0.001422475106685633,mexico,united states,mexico,2.636,0.789,75.1,14.5,9.3,14185.7812248529,23.634501,-102.552784,united states,2.443,0.938,79.3,15.9,13.9,84534.0407841548,37.09024,-95.712891,1632.5292513271158,9.560065910374933,11.344921411223837,7.398498138029319,70348.25955930189,0.1489999999999999,-0.19300000000000006,mexico__united states,10.868244586618282,11.006701330285926,60275.725531381795,-0.1384567436676445
Mexico,United States,2022-01,77439,2022-01,45.0,26.0,5.0,4.0,80.0,212.0,25.0,98.0,55.0,106.0,1004.0,0.5625,0.325,0.0625,0.05,0.004694835680751174,0.038461538461538464,0.010101010101010102,0.017857142857142856,0.009345794392523364,0.0009950248756218905,mexico,united states,mexico,2.636,0.789,75.1,14.5,9.3,14185.7812248529,23.634501,-102.552784,united states,2.443,0.938,79.3,15.9,13.9,84534.0407841548,37.09024,-95.712891,1632.5292513271158,9.560065910374933,11.344921411223837,7.398498138029319,70348.25955930189,0.1489999999999999,-0.19300000000000006,mexico__united states,11.257258721950459,11.102935142395483,66364.66725930863,0.15432357955497622
Mexico,United States,2022-02,61658,2022-02,24.0,15.0,3.0,0.0,42.0,104.0,11.0,35.0,23.0,50.0,467.0,0.5714285714285714,0.35714285714285715,0.07142857142857142,0.0,0.009523809523809525,0.08333333333333333,0.027777777777777776,0.041666666666666664,0.0196078431372549,0.002136752136752137,mexico,united states,mexico,2.636,0.789,75.1,14.5,9.3,14185.7812248529,23.634501,-102.552784,united states,2.443,0.938,79.3,15.9,13.9,84534.0407841548,37.09024,-95.712891,1632.5292513271158,9.560065910374933,11.344921411223837,7.398498138029319,70348.25955930189,0.1489999999999999,-0.19300000000000006,mexico__united states,11.029374483339119,11.038779267655778,62240.6250331439,-0.009404784316659587
Mexico,United States,2022-03,79516,2022-03,11.0,12.0,0.0,1.0,24.0,73.0,10.0,24.0,7.0,24.0,303.0,0.4583333333333333,0.5,0.0,0.041666666666666664,0.013513513513513514,0.09090909090909091,0.04,0.125,0.04,0.003289473684210526,mexico,united states,mexico,2.636,0.789,75.1,14.5,9.3,14185.7812248529,23.634501,-102.552784,united states,2.443,0.938,79.3,15.9,13.9,84534.0407841548,37.09024,-95.712891,1632.5292513271158,9.560065910374933,11.344921411223837,7.398498138029319,70348.25955930189,0.1489999999999999,-0.19300000000000006,mexico__united states,11.28372611426065,10.942545455546222,56530.0574531106,0.3411806587144284
Mexico,United States,2022-04,80396,2022-04,14.0,6.0,4.0,0.0,24.0,55.0,7.0,37.0,14.0,23.0,236.0,0.5833333333333334,0.25,0.16666666666666666,0.0,0.017857142857142856,0.125,0.02631578947368421,0.06666666666666667,0.041666666666666664,0.004219409282700422,mexico,united states,mexico,2.636,0.789,75.1,14.5,9.3,14185.7812248529,23.634501,-102.552784,united states,2.443,0.938,79.3,15.9,13.9,84534.0407841548,37.09024,-95.712891,1632.5292513271158,9.560065910374933,11.344921411223837,7.398498138029319,70348.25955930189,0.1489999999999999,-0.19300000000000006,mexico__united states,11.29473214103806,11.07085720502563,64269.57628984108,0.2238749360124288
Mexico,United States,2022-05,102939,2022-05,7.0,1.0,1.0,0.0,9.0,37.0,8.0,7.0,5.0,45.0,122.0,0.7777777777777778,0.1111111111111111,0.1111111111111111,0.0,0.02631578947368421,0.1111111111111111,0.125,0.16666666666666666,0.021739130434782608,0.008130081300813009,mexico,united states,mexico,2.636,0.789,75.1,14.5,9.3,14185.7812248529,23.634501,-102.552784,united states,2.443,0.938,79.3,15.9,13.9,84534.0407841548,37.09024,-95.712891,1632.5292513271158,9.560065910374933,11.344921411223837,7.398498138029319,70348.25955930189,0.1489999999999999,-0.19300000000000006,mexico__united states,11.541901573206745,10.974623392916074,58372.85574124707,0.5672781802906712
Mexico,United States,2022-06,94468,2022-06,20.0,5.0,1.0,0.0,26.0,61.0,7.0,14.0,7.0,17.0,340.0,0.7692307692307693,0.19230769230769232,0.038461538461538464,0.0,0.016129032258064516,0.125,0.06666666666666667,0.125,0.05555555555555555,0.002932551319648094,mexico,united states,mexico,2.636,0.789,75.1,14.5,9.3,14185.7812248529,23.634501,-102.552784,united states,2.443,0.938,79.3,15.9,13.9,84534.0407841548,37.09024,-95.712891,1632.5292513271158,9.560065910374933,11.344921411223837,7.398498138029319,70348.25955930189,0.1489999999999999,-0.19300000000000006,mexico__united states,11.456027017336137,10.974623392916074,58372.85574124707,0.48140362442006257
Mexico,United States,2022-07,73238,2022-07,14.0,6.0,1.0,2.0,23.0,51.0,3.0,4.0,3.0,16.0,245.0,0.6086956521739131,0.2608695652173913,0.043478260869565216,0.08695652173913043,0.019230769230769232,0.25,0.2,0.25,0.058823529411764705,0.0040650406504065045,mexico,united states,mexico,2.636,0.789,75.1,14.5,9.3,14185.7812248529,23.634501,-102.552784,united states,2.443,0.938,79.3,15.9,13.9,84534.0407841548,37.09024,-95.712891,1632.5292513271158,9.560065910374933,11.344921411223837,7.398498138029319,70348.25955930189,0.1489999999999999,-0.19300000000000006,mexico__united states,11.20148334495411,10.974623392916074,58372.85574124707,0.22685995203803522
Mexico,United States,2022-08,89468,2022-08,12.0,3.0,1.0,0.0,16.0,58.0,12.0,15.0,34.0,14.0,209.0,0.75,0.1875,0.0625,0.0,0.01694915254237288,0.07692307692307693,0.0625,0.02857142857142857,0.06666666666666667,0.004761904761904762,mexico,united states,mexico,2.636,0.789,75.1,14.5,9.3,14185.7812248529,23.634501,-102.552784,united states,2.443,0.938,79.3,15.9,13.9,84534.0407841548,37.09024,-95.712891,1632.5292513271158,9.560065910374933,11.344921411223837,7.398498138029319,70348.25955930189,0.1489999999999999,-0.19300000000000006,mexico__united states,11.401647475548364,10.974623392916074,58372.85574124707,0.42702408263228975
Mexico,United States,2022-09,74421,2022-09,5.0,2.0,0.0,2.0,9.0,15.0,5.0,12.0,17.0,29.0,129.0,0.5555555555555556,0.2222222222222222,0.0,0.2222222222222222,0.0625,0.16666666666666666,0.07692307692307693,0.05555555555555555,0.03333333333333333,0.007692307692307693,mexico,united states,mexico,2.636,0.789,75.1,14.5,9.3,14185.7812248529,23.634501,-102.552784,united states,2.443,0.938,79.3,15.9,13.9,84534.0407841548,37.09024,-95.712891,1632.5292513271158,9.560065910374933,11.344921411223837,7.398498138029319,70348.25955930189,0.1489999999999999,-0.19300000000000006,mexico__united states,11.217506876035603,10.942545455546222,56530.0574531106,0.2749614204893813
Mexico,United States,2022-10,88633,2022-10,4.0,4.0,1.0,1.0,10.0,18.0,1.0,4.0,4.0,7.0,85.0,0.4,0.4,0.1,0.1,0.05263157894736842,0.5,0.2,0.2,0.125,0.011627906976744186,mexico,united states,mexico,2.636,0.789,75.1,14.5,9.3,14185.7812248529,23.634501,-102.552784,united states,2.443,0.938,79.3,15.9,13.9,84534.0407841548,37.09024,-95.712891,1632.5292513271158,9.560065910374933,11.344921411223837,7.398498138029319,70348.25955930189,0.1489999999999999,-0.19300000000000006,mexico__united states,11.392270810159385,10.974623392916074,58372.85574124707,0.41764741724331067
Mexico,United States,2022-11,67407,2022-11,4.0,3.0,1.0,0.0,8.0,15.0,1.0,10.0,1.0,5.0,119.0,0.5,0.375,0.125,0.0,0.0625,0.5,0.09090909090909091,0.5,0.16666666666666666,0.008333333333333333,mexico,united states,mexico,2.636,0.789,75.1,14.5,9.3,14185.7812248529,23.634501,-102.552784,united states,2.443,0.938,79.3,15.9,13.9,84534.0407841548,37.09024,-95.712891,1632.5292513271158,9.560065910374933,11.344921411223837,7.398498138029319,70348.25955930189,0.1489999999999999,-0.19300000000000006,mexico__united states,11.118518984218797,10.974623392916074,58372.85574124707,0.1438955913027229
