date,AFGHANISTAN_CENTRAL MEDITERRANEAN,AFGHANISTAN_EASTERN BORDERS,AFGHANISTAN_EASTERN MEDITERRANEAN (L),AFGHANISTAN_EASTERN MEDITERRANEAN (S),AFGHANISTAN_WESTERN BALKAN,ALBANIA_WESTERN BALKAN,ALGERIA_CENTRAL MEDITERRANEAN,ALGERIA_WESTERN BALKAN,ALGERIA_WESTERN MEDITERRANEAN (L),ALGERIA_WESTERN MEDITERRANEAN (S),BANGLADESH_CENTRAL MEDITERRANEAN,BANGLADESH_EASTERN MEDITERRANEAN (L),BANGLADESH_EASTERN MEDITERRANEAN (S),BANGLADESH_WESTERN BALKAN,BELARUS_EASTERN BORDERS,BENIN_CENTRAL MEDITERRANEAN,BURKINA FASO_CENTRAL MEDITERRANEAN,BURUNDI_WESTERN BALKAN,CAMEROON_CENTRAL MEDITERRANEAN,CAMEROON_EASTERN MEDITERRANEAN (L),CAMEROON_EASTERN MEDITERRANEAN (S),CAMEROON_WESTERN AFRICAN,CAMEROON_WESTERN BALKAN,CHAD_CENTRAL MEDITERRANEAN,CHINA_WESTERN BALKAN,COMOROS_CENTRAL MEDITERRANEAN,COMOROS_WESTERN AFRICAN,CONGO (BRAZZAVILLE)_CENTRAL MEDITERRANEAN,CONGO (BRAZZAVILLE)_EASTERN MEDITERRANEAN (L),CONGO (BRAZZAVILLE)_EASTERN MEDITERRANEAN (S),CONGO (BRAZZAVILLE)_WESTERN BALKAN,CONGO (KINSHASA)_CENTRAL MEDITERRANEAN,CONGO (KINSHASA)_EASTERN MEDITERRANEAN (L),CONGO (KINSHASA)_EASTERN MEDITERRANEAN (S),CONGO (KINSHASA)_WESTERN BALKAN,CUBA_WESTERN BALKAN,CÔTE D'IVOIRE_CENTRAL MEDITERRANEAN,CÔTE D'IVOIRE_WESTERN AFRICAN,EGYPT_CENTRAL MEDITERRANEAN,EGYPT_EASTERN MEDITERRANEAN (L),EGYPT_EASTERN MEDITERRANEAN (S),EGYPT_WESTERN BALKAN,ERITREA_CENTRAL MEDITERRANEAN,ERITREA_EASTERN BORDERS,ERITREA_EASTERN MEDITERRANEAN (S),ETHIOPIA_CENTRAL MEDITERRANEAN,ETHIOPIA_EASTERN BORDERS,ETHIOPIA_EASTERN MEDITERRANEAN (S),GAMBIA_CENTRAL MEDITERRANEAN,GAMBIA_EASTERN MEDITERRANEAN (S),GAMBIA_WESTERN AFRICAN,GEORGIA_EASTERN MEDITERRANEAN (L),GHANA_CENTRAL MEDITERRANEAN,GHANA_EASTERN MEDITERRANEAN (S),GUINEA-BISSAU_WESTERN AFRICAN,GUINEA_CENTRAL MEDITERRANEAN,GUINEA_EASTERN MEDITERRANEAN (S),GUINEA_WESTERN AFRICAN,GUINEA_WESTERN MEDITERRANEAN (L),GUINEA_WESTERN MEDITERRANEAN (S),INDIA_EASTERN MEDITERRANEAN (S),INDIA_WESTERN BALKAN,IRAN_CENTRAL MEDITERRANEAN,IRAN_EASTERN BORDERS,IRAN_EASTERN MEDITERRANEAN (L),IRAN_EASTERN MEDITERRANEAN (S),IRAN_WESTERN BALKAN,IRAQ_CENTRAL MEDITERRANEAN,IRAQ_EASTERN BORDERS,IRAQ_EASTERN MEDITERRANEAN (L),IRAQ_EASTERN MEDITERRANEAN (S),IRAQ_WESTERN BALKAN,KOSOVO*_WESTERN BALKAN,KUWAIT_EASTERN MEDITERRANEAN (S),LEBANON_CENTRAL MEDITERRANEAN,LIBERIA_CENTRAL MEDITERRANEAN,LIBERIA_EASTERN MEDITERRANEAN (S),LIBYA_CENTRAL MEDITERRANEAN,LIBYA_WESTERN BALKAN,MALI_CENTRAL MEDITERRANEAN,MALI_EASTERN MEDITERRANEAN (S),MALI_WESTERN AFRICAN,MALI_WESTERN MEDITERRANEAN (S),MAURITANIA_WESTERN AFRICAN,MONGOLIA_WESTERN BALKAN,MOROCCO_CENTRAL MEDITERRANEAN,MOROCCO_EASTERN MEDITERRANEAN (L),MOROCCO_WESTERN AFRICAN,MOROCCO_WESTERN BALKAN,MOROCCO_WESTERN MEDITERRANEAN (L),MOROCCO_WESTERN MEDITERRANEAN (S),NEPAL_WESTERN BALKAN,NIGERIA_CENTRAL MEDITERRANEAN,NIGERIA_EASTERN MEDITERRANEAN (L),NIGERIA_EASTERN MEDITERRANEAN (S),OTHER_CENTRAL MEDITERRANEAN,OTHER_EASTERN BORDERS,OTHER_EASTERN MEDITERRANEAN (L),OTHER_EASTERN MEDITERRANEAN (S),OTHER_WESTERN AFRICAN,OTHER_WESTERN BALKAN,OTHER_WESTERN MEDITERRANEAN (L),OTHER_WESTERN MEDITERRANEAN (S),PAKISTAN_CENTRAL MEDITERRANEAN,PAKISTAN_EASTERN MEDITERRANEAN (L),PAKISTAN_EASTERN MEDITERRANEAN (S),PAKISTAN_WESTERN AFRICAN,PAKISTAN_WESTERN BALKAN,PALESTINE^_CENTRAL MEDITERRANEAN,PALESTINE^_EASTERN MEDITERRANEAN (L),PALESTINE^_EASTERN MEDITERRANEAN (S),PALESTINE^_WESTERN BALKAN,SENEGAL_CENTRAL MEDITERRANEAN,SENEGAL_WESTERN AFRICAN,SIERRA LEONE_CENTRAL MEDITERRANEAN,SIERRA LEONE_EASTERN MEDITERRANEAN (S),SOMALIA_CENTRAL MEDITERRANEAN,SOMALIA_EASTERN BORDERS,SOMALIA_EASTERN MEDITERRANEAN (L),SOMALIA_EASTERN MEDITERRANEAN (S),SOMALIA_WESTERN BALKAN,SOUTH SUDAN_CENTRAL MEDITERRANEAN,SRI LANKA_WESTERN BALKAN,STATELESS_EASTERN MEDITERRANEAN (S),SUDAN_CENTRAL MEDITERRANEAN,SUDAN_EASTERN BORDERS,SUDAN_EASTERN MEDITERRANEAN (S),SUDAN_WESTERN MEDITERRANEAN (L),SYRIA_CENTRAL MEDITERRANEAN,SYRIA_EASTERN BORDERS,SYRIA_EASTERN MEDITERRANEAN (L),SYRIA_EASTERN MEDITERRANEAN (S),SYRIA_WESTERN BALKAN,SYRIA_WESTERN MEDITERRANEAN (S),TOGO_CENTRAL MEDITERRANEAN,TUNISIA_CENTRAL MEDITERRANEAN,TUNISIA_WESTERN BALKAN,TÜRKIYE_CENTRAL MEDITERRANEAN,TÜRKIYE_EASTERN BORDERS,TÜRKIYE_EASTERN MEDITERRANEAN (L),TÜRKIYE_EASTERN MEDITERRANEAN (S),TÜRKIYE_WESTERN BALKAN,UKRAINE_EASTERN BORDERS,UNKNOWN_CENTRAL MEDITERRANEAN,UNKNOWN_EASTERN MEDITERRANEAN (S),UNSPECIFIED SUB-SAHARAN NATIONALS_WESTERN AFRICAN,UNSPECIFIED SUB-SAHARAN NATIONALS_WESTERN MEDITERRANEAN (S),YEMEN_CENTRAL MEDITERRANEAN,YEMEN_EASTERN MEDITERRANEAN (S),YEMEN_WESTERN BALKAN
2020-01-01,0,0,12,1682,268,2,254,46,0,693,199,89,0,4,0,3,8,0,29,49,77,0,0,13,4,1,12,1,17,83,0,6,4,126,0,2,219,3,21,9,8,29,65,0,9,7,0,2,12,29,0,5,1,14,4,146,14,2,1,0,0,11,0,0,64,94,17,0,0,35,109,83,23,4,0,5,0,22,20,80,11,0,0,0,0,95,2,139,103,0,331,0,33,49,12,13,23,54,62,0,11,0,0,14,75,5,0,14,0,12,96,53,50,14,7,13,123,0,21,112,0,16,0,0,257,0,10,0,3,3,103,739,1773,0,0,69,13,0,10,488,5,27,1,0,37,534,118,2,2,13
2020-02-01,0,1,137,750,514,8,61,7,0,433,411,126,3,1,0,8,5,0,37,162,19,0,0,18,0,0,0,2,67,4,0,0,6,165,0,0,90,34,9,12,14,25,17,0,7,10,0,0,27,19,0,6,25,3,0,24,6,6,0,0,0,10,0,0,30,65,12,0,3,18,118,81,5,0,0,2,0,24,3,61,6,11,0,0,0,56,4,14,38,0,157,0,44,86,13,30,17,74,64,10,12,0,7,10,145,1,0,16,0,7,111,19,31,10,11,5,224,0,44,144,0,56,0,2,318,1,16,0,1,0,108,642,1288,7,11,26,2,0,4,421,2,22,4,0,0,340,631,0,6,8
2020-03-01,0,0,115,624,195,4,4,3,0,66,44,103,0,0,0,0,1,0,4,88,52,0,0,0,0,0,0,4,18,188,0,0,8,98,0,0,29,0,41,8,8,42,90,0,13,16,0,6,3,11,0,1,8,22,0,10,6,0,0,12,0,8,0,3,10,44,19,4,0,7,115,53,4,14,0,0,0,0,6,7,5,0,3,0,0,33,8,10,17,0,100,0,1,70,7,0,19,88,50,0,8,0,33,4,173,47,0,18,2,2,90,19,0,0,0,6,0,0,17,200,6,0,0,7,4,0,13,0,3,3,99,767,881,0,0,60,5,0,16,19,5,1,2,3,0,413,326,0,6,31
2020-04-01,0,0,10,7,5,0,7,0,0,87,38,38,0,0,0,0,6,0,7,7,0,0,0,9,0,5,0,5,1,0,0,0,3,21,0,0,156,0,16,2,0,0,17,0,0,1,0,0,0,1,0,1,1,0,0,47,2,0,1,0,0,0,0,0,0,5,0,6,0,1,0,2,0,0,0,3,0,0,0,33,0,0,0,0,0,89,0,3,2,0,1,0,4,2,0,1,2,3,3,0,0,56,0,0,18,0,0,0,1,0,0,12,7,0,0,0,36,0,5,0,0,6,0,0,169,0,0,0,16,0,9,0,67,0,0,37,0,0,0,0,0,1,3,0,0,326,23,0,0,1
2020-05-01,0,0,0,48,185,0,53,5,0,362,482,20,0,13,3,0,3,0,12,5,0,20,0,10,0,3,51,9,0,56,0,1,0,87,0,0,326,169,17,1,0,7,0,0,1,0,0,1,8,9,23,0,12,2,0,51,2,128,28,21,0,4,0,0,0,5,11,0,0,0,0,76,0,0,0,1,0,1,5,11,1,72,1,0,0,88,0,223,41,6,293,0,57,0,0,3,13,12,8,46,5,23,46,8,12,1,0,51,0,0,0,47,4,222,7,0,20,0,7,0,0,0,0,0,48,0,0,20,1,0,15,8,736,40,5,498,6,0,0,1,1,9,3,1,0,696,0,0,0,2
2020-06-01,46,0,13,85,744,1,99,6,0,723,353,33,0,10,2,3,3,0,32,26,9,0,0,8,0,0,0,0,10,20,2,0,17,44,0,0,83,0,62,1,0,22,66,0,8,1,0,0,7,6,0,2,18,0,0,64,0,0,0,0,0,4,23,0,9,6,61,15,0,6,2,139,12,0,0,4,0,0,49,30,2,0,0,0,0,55,2,37,69,0,76,0,23,15,0,11,19,36,16,0,10,2,1,75,37,0,0,38,1,5,6,77,26,0,14,0,19,0,20,0,8,7,0,0,232,0,0,0,18,1,145,60,1207,0,1,818,11,1,0,34,6,9,7,10,0,185,8,0,0,26
2020-07-01,124,4,22,59,781,12,195,9,2,1525,1090,36,0,30,1,7,9,0,11,57,2,0,0,10,0,0,0,0,29,1,1,0,18,54,0,1,68,0,174,1,0,24,168,0,0,7,0,2,22,2,0,0,71,0,0,32,1,0,1,0,0,7,24,0,0,0,41,26,0,9,1,81,13,0,0,11,0,9,54,101,0,0,0,0,1,139,2,76,59,5,370,3,51,40,0,14,38,49,10,7,9,2,2,339,46,0,0,34,1,3,0,79,13,0,6,0,88,2,16,92,14,3,0,0,60,1,3,0,24,2,205,65,883,0,10,4317,4,7,5,78,9,13,12,0,13,353,141,1,3,13
2020-08-01,231,0,13,47,612,16,193,36,0,1520,782,32,0,28,1,7,11,0,53,10,0,0,0,4,0,1,0,0,1,8,0,0,5,29,0,1,107,0,186,2,8,13,51,0,0,1,0,0,26,1,0,1,47,0,0,69,0,0,2,0,0,0,146,0,2,13,18,44,1,8,23,41,15,0,1,5,0,156,86,30,2,0,0,0,0,116,0,154,38,1,438,0,104,4,1,20,40,16,15,0,24,14,2,311,54,13,0,16,3,1,2,65,24,0,32,0,246,0,9,73,9,4,0,0,232,0,0,0,22,3,127,107,752,0,4,2159,15,8,5,488,133,10,5,5,0,643,103,1,2,5
2020-09-01,71,2,39,81,689,13,265,39,0,2000,131,22,6,20,3,2,12,0,50,14,0,0,1,17,4,0,0,0,11,0,0,0,13,0,0,0,170,0,101,2,8,51,100,2,0,5,0,0,23,0,0,2,104,0,0,124,0,0,0,0,0,9,106,0,15,27,7,45,0,17,34,45,15,0,0,2,0,106,84,139,0,0,0,0,0,56,0,1004,64,0,740,0,42,6,0,21,52,14,9,21,20,0,0,283,41,35,0,13,1,0,2,70,27,0,14,0,75,3,19,41,9,2,0,0,167,0,0,0,25,4,322,65,1313,0,5,1959,18,4,7,509,6,19,6,4,0,1123,140,4,0,34
2020-10-01,238,22,47,4,422,19,93,35,0,1999,177,43,7,53,0,1,15,0,8,32,0,0,0,5,0,1,0,2,32,0,1,0,22,0,0,0,130,0,215,0,0,72,70,0,0,14,1,0,3,0,0,0,8,0,0,36,0,0,0,0,0,13,254,0,1,14,42,183,0,24,53,60,19,0,0,0,0,22,157,3,0,0,0,0,0,112,0,3006,80,0,692,0,8,14,0,22,68,49,27,20,20,0,0,229,65,27,0,45,15,1,2,92,12,0,2,0,40,3,11,50,4,1,0,0,43,0,0,0,67,2,376,77,2582,1,0,1276,49,40,4,824,4,20,2,29,22,2316,112,0,1,26
2020-11-01,155,12,10,35,386,11,162,30,0,1273,731,39,0,56,9,10,38,0,97,99,2,0,4,18,0,0,0,5,24,0,0,0,58,30,0,0,498,0,211,2,0,15,252,0,0,31,0,0,52,2,0,1,96,9,0,244,10,0,0,0,0,2,146,2,17,4,23,92,15,27,6,30,8,0,0,5,0,73,95,137,2,0,0,0,0,263,2,5226,62,0,298,0,120,31,2,28,42,55,16,0,6,1,44,83,59,1,0,14,0,0,5,67,45,0,68,0,149,0,12,65,3,0,0,0,212,0,0,0,10,0,339,62,2300,0,18,1288,42,3,8,560,3,22,5,6,0,2949,196,2,0,19
2020-12-01,56,0,36,51,450,16,79,16,0,514,9,19,0,22,5,0,1,0,27,60,6,0,0,1,0,1,0,4,21,4,0,0,27,15,0,0,189,0,71,0,0,1,13,0,0,2,0,0,1,6,0,1,0,0,0,31,0,0,0,0,0,0,189,0,15,0,14,204,24,20,9,58,4,0,0,0,0,5,57,10,3,0,0,0,0,34,0,2080,62,1,279,0,5,39,1,12,15,38,2,0,17,6,0,42,46,0,0,32,1,7,0,48,2,0,0,3,0,0,8,121,5,0,0,0,27,0,1,1,30,2,183,73,2862,0,0,478,25,1,8,64,0,2,4,0,0,1352,209,1,3,13
2021-01-01,50,1,16,62,412,3,3,12,0,471,3,2,8,1,3,3,14,0,62,0,72,0,1,7,0,0,0,0,0,1,0,0,0,82,0,0,157,0,22,0,2,10,217,0,0,19,0,0,13,2,0,1,6,0,0,158,14,0,5,0,0,0,1,0,3,14,17,0,14,2,2,9,16,0,0,1,0,0,10,82,3,0,0,0,0,7,3,705,40,2,281,0,9,0,87,6,10,3,17,0,16,118,5,0,4,38,0,19,0,0,0,47,23,0,17,51,3,0,0,73,5,1,0,0,59,0,0,1,2,1,56,160,1651,5,7,85,20,2,2,49,9,14,0,0,0,1372,52,0,0,1
2021-02-01,26,0,3,96,484,9,230,33,0,531,410,0,11,10,0,1,15,0,110,0,13,0,3,31,0,0,0,5,0,1,3,0,0,106,0,0,682,0,208,3,0,7,58,0,3,3,0,0,12,2,0,0,39,1,0,458,10,0,7,0,1,13,28,0,1,6,14,10,12,0,2,30,14,0,0,13,3,6,83,193,3,0,3,0,0,142,3,83,127,2,138,0,94,0,43,5,12,6,15,0,17,7,3,31,3,21,0,48,6,3,1,67,35,0,26,16,101,0,1,119,14,58,1,0,325,0,0,0,18,0,29,159,2544,0,10,668,28,0,2,109,0,8,2,2,0,181,5,0,0,18
2021-03-01,48,0,4,218,428,11,73,15,0,992,383,6,26,5,7,1,14,0,93,1,108,0,2,1,0,0,0,5,2,9,2,0,0,141,0,0,323,0,71,19,3,13,110,0,0,5,0,0,12,1,0,0,17,0,0,168,51,0,20,0,3,5,117,5,0,10,0,82,0,11,7,21,19,0,0,9,7,36,83,148,2,0,0,0,0,72,6,218,130,1,157,0,26,0,113,6,13,12,41,0,12,89,0,31,15,82,0,33,0,3,4,28,13,0,16,74,36,0,2,238,13,1,6,0,110,0,0,2,19,3,110,231,1657,0,4,335,22,0,10,381,2,30,4,0,0,877,46,0,2,39
2021-04-01,2,0,30,168,415,16,38,6,0,89,143,14,60,85,19,0,4,0,1,0,106,0,0,2,0,0,0,0,0,7,0,0,0,221,0,0,45,0,215,1,1,18,64,0,0,67,0,1,2,0,0,0,1,2,0,30,30,0,13,0,0,0,79,10,11,5,9,69,41,19,0,32,6,0,0,0,4,43,29,24,0,0,0,0,0,115,0,206,72,3,136,0,11,0,133,8,60,5,13,3,6,1,0,33,9,71,0,31,0,6,17,33,5,0,1,92,59,1,0,118,8,0,0,0,86,0,0,0,24,14,144,220,2424,6,0,297,18,7,1,491,2,22,1,0,0,1042,10,4,6,25
2021-05-01,155,0,56,190,354,10,86,28,0,1109,1669,10,22,6,4,16,49,0,48,0,60,0,1,17,0,0,0,0,0,12,0,1,0,138,0,0,203,0,340,17,0,6,558,1,1,67,0,0,61,2,0,0,43,3,0,131,19,0,19,0,7,2,140,28,10,17,29,115,24,20,33,104,26,0,0,6,5,6,64,121,0,0,0,0,0,237,1,275,107,100,403,0,68,0,167,43,25,4,6,3,21,29,1,85,26,63,0,40,16,18,6,64,7,0,23,35,140,0,0,30,16,10,0,0,382,0,2,59,246,18,81,445,2505,8,7,601,11,3,14,141,3,44,7,1,0,539,31,2,2,7
2021-06-01,42,62,27,42,793,2,185,19,0,465,814,13,102,22,14,4,5,0,70,0,18,0,3,26,0,1,0,2,0,0,0,0,0,143,0,0,309,0,793,9,1,12,239,0,0,90,0,1,15,1,0,1,18,0,0,145,9,0,0,0,2,20,496,33,9,10,4,271,352,24,0,67,10,0,1,2,8,12,47,105,0,0,0,0,0,379,0,228,97,2,685,0,28,0,100,27,107,5,10,0,30,2,4,121,21,115,0,33,2,30,12,49,16,0,11,31,9,0,1,17,28,5,2,2,264,0,6,0,339,22,178,124,2440,0,2,977,13,15,8,246,6,44,3,11,0,1221,21,4,0,22
2021-07-01,99,308,76,15,904,11,134,23,0,1457,778,11,128,83,21,4,19,0,104,1,28,0,1,7,0,0,0,4,0,4,1,0,0,82,0,1,517,0,620,0,1,16,265,10,0,14,1,0,47,8,0,1,23,4,0,410,7,0,10,0,5,14,478,33,3,10,17,276,1903,23,56,75,11,0,0,12,15,65,70,85,1,0,0,0,0,147,4,75,77,0,573,0,31,0,68,23,848,15,18,0,17,276,1,87,16,125,0,65,40,1,25,78,25,0,11,6,14,23,0,10,93,16,0,0,166,5,1,115,140,60,166,157,2490,15,2,4048,20,8,18,239,9,109,6,8,0,526,49,0,3,18
2021-08-01,48,152,42,15,1809,15,139,41,0,1162,1084,23,78,126,19,2,18,0,75,0,50,0,0,2,0,7,0,1,0,0,1,0,0,109,0,0,559,0,1206,6,87,61,129,0,4,24,0,0,12,7,0,0,42,0,0,160,13,0,16,0,0,26,585,14,0,26,15,512,1441,57,139,113,15,0,4,5,9,144,125,118,13,0,0,0,0,382,4,506,137,8,712,0,68,0,71,29,155,8,23,8,30,50,9,256,29,96,0,115,17,2,43,56,13,0,12,23,12,55,0,67,119,5,0,0,151,2,13,7,217,93,241,240,3651,3,1,4013,27,58,12,373,37,93,10,2,0,1294,14,11,2,28
2021-09-01,111,54,74,105,1951,16,144,60,0,2935,716,18,32,73,7,0,7,0,46,0,41,0,3,8,1,10,0,4,0,0,1,0,0,98,0,0,153,0,1269,3,9,105,136,0,1,17,0,0,32,2,0,0,10,1,0,209,8,0,8,0,1,23,714,14,6,61,15,474,181,26,33,96,35,0,53,9,7,78,87,44,2,0,0,0,0,122,14,1925,148,0,1152,0,18,0,92,37,78,18,42,2,60,2,6,160,45,127,1,148,30,1,38,119,12,0,8,11,46,9,6,106,197,3,0,0,81,0,6,13,285,54,220,535,6113,26,4,1795,54,29,16,135,25,226,8,1,0,1905,17,2,0,35
2021-10-01,414,21,204,156,1247,9,301,22,0,1520,457,3,83,26,7,13,11,0,113,0,135,0,1,4,0,0,0,4,0,12,0,0,0,454,0,9,345,0,1375,5,5,53,128,6,16,17,1,4,65,11,0,0,26,1,0,142,39,0,5,2,0,107,667,6,7,23,26,365,492,18,1,69,25,0,3,2,52,141,80,170,2,0,1,0,0,55,0,1067,113,6,365,0,102,0,397,25,110,11,51,6,32,7,3,282,7,339,0,85,12,8,145,58,13,0,4,102,59,16,0,306,212,1,1,0,102,3,8,0,272,78,172,491,5913,11,2,1503,189,13,30,99,23,311,10,10,0,2562,17,2,3,39
2021-11-01,571,14,64,100,1487,14,105,31,0,27,1117,12,71,0,21,20,31,0,152,0,185,0,0,15,1,0,0,2,0,17,0,0,0,573,0,12,378,0,1893,0,21,57,448,0,9,36,4,20,103,0,0,3,52,2,0,351,39,0,17,0,6,102,458,7,7,30,25,274,305,10,27,51,47,0,23,16,63,11,52,209,10,0,0,0,0,528,2,1410,81,17,353,3,242,0,406,40,81,4,55,16,54,1,13,423,8,113,0,75,67,2,178,95,83,0,31,93,212,0,0,360,196,13,0,0,163,0,11,1,723,93,138,389,4317,0,6,714,203,44,27,100,3,381,7,32,0,1703,4,3,10,23
2021-12-01,421,4,32,58,2013,7,243,23,0,901,274,5,101,16,9,3,9,0,56,0,63,0,2,20,1,0,0,0,0,9,2,0,0,398,0,14,318,0,494,0,90,32,262,0,17,54,0,11,100,1,0,0,25,0,0,178,26,0,11,0,4,245,116,3,0,37,15,131,49,10,64,31,9,0,0,7,40,28,38,94,0,0,0,0,0,31,3,863,120,17,273,3,153,0,281,14,34,14,18,2,28,9,12,243,28,140,0,110,12,0,222,39,58,0,29,44,237,1,2,188,26,4,0,0,237,0,16,10,123,49,132,239,3018,31,1,639,237,31,6,125,39,370,1,2,0,1527,57,21,4,12
2022-01-01,91,5,9,27,1789,26,57,8,0,636,904,4,88,24,9,1,7,0,73,0,36,91,0,9,0,0,35,4,0,11,0,0,0,156,0,7,173,284,584,0,1,18,182,0,4,10,0,4,20,5,66,0,18,2,7,110,19,535,6,20,1,270,1,0,9,14,17,0,41,7,13,34,25,0,0,2,18,1,18,31,0,84,15,2,0,31,0,1510,143,41,225,2,71,0,137,8,24,1,25,118,17,3,41,98,6,132,0,96,4,0,74,31,9,415,3,40,30,0,0,129,25,0,0,0,87,0,10,9,31,16,107,159,2912,32,2,382,258,0,7,67,20,294,3,0,0,0,12,1,5,7
2022-02-01,240,7,59,109,1629,8,0,22,0,462,337,1,100,3,10,0,4,0,34,0,85,0,3,0,0,0,0,0,0,4,0,0,0,178,0,7,100,0,799,8,3,12,132,0,0,38,0,2,4,1,0,1,4,1,0,40,15,0,3,0,4,161,18,1,5,15,36,2,44,0,2,57,44,0,1,0,15,0,39,13,7,0,0,0,0,10,0,1485,162,11,201,4,1,0,182,8,58,18,35,0,22,6,17,4,4,153,0,73,32,1,183,53,3,0,3,40,9,0,6,173,17,0,0,0,32,0,7,8,237,11,102,157,2491,27,0,308,306,9,12,66,1,503,92,17,0,862,0,0,5,11
2022-03-01,255,4,109,303,1951,18,4,14,1,0,35,15,116,80,25,0,4,3,38,0,247,0,18,6,6,0,0,2,0,12,13,0,0,426,6,86,163,0,238,0,78,9,31,1,0,2,0,1,10,2,0,3,1,7,0,97,25,0,47,0,6,357,38,0,5,31,39,4,98,3,1,100,53,0,0,1,49,1,18,34,9,0,0,0,0,3,9,153,238,18,27,4,6,0,467,4,32,4,33,0,56,557,0,0,4,245,0,268,0,0,195,55,21,0,4,84,0,0,5,224,64,5,3,1,93,2,3,330,23,9,133,272,2538,0,4,224,432,7,8,340,24,905,1035,0,0,222,0,0,36,11
2022-04-01,355,1,154,174,1780,3,22,34,0,196,765,2,95,26,24,4,3,0,47,0,109,0,5,0,5,0,0,1,0,1,1,0,0,368,0,34,140,0,734,0,77,15,48,0,14,5,0,9,15,18,0,2,16,3,0,146,18,0,45,0,6,463,139,2,7,65,15,49,33,8,14,175,34,0,88,2,32,32,60,7,1,0,0,0,0,5,16,311,181,2,270,3,162,0,403,10,31,14,72,0,44,32,5,5,10,270,0,560,70,1,73,71,11,0,37,83,3,1,6,99,41,12,0,0,38,9,2,30,592,19,291,472,4266,53,2,345,567,14,0,427,20,1142,265,6,0,337,0,0,19,20
2022-05-01,1239,5,30,206,2707,19,117,45,0,362,1673,5,92,21,26,26,49,32,160,0,24,20,10,5,1,0,51,0,0,2,5,1,0,249,0,22,315,169,1190,1,7,10,188,0,9,91,0,11,163,3,23,0,119,3,0,232,3,128,28,21,13,375,457,0,4,37,25,194,1,0,75,81,26,0,4,3,12,11,25,143,0,72,1,0,0,137,3,223,228,6,293,0,144,0,193,27,30,67,40,46,40,23,46,205,7,169,0,1317,29,5,43,101,22,222,9,21,36,0,5,105,96,16,1,0,202,0,4,20,452,2,252,536,5650,40,5,1039,782,16,2,304,50,946,234,25,0,696,0,7,8,31
2022-06-01,1102,2,48,427,2222,8,69,12,1,431,1448,0,153,20,16,16,17,96,68,0,60,0,1,0,6,0,0,6,0,1,12,1,0,214,0,22,250,0,1426,0,3,10,254,0,48,42,0,14,29,7,0,0,18,3,0,148,15,0,35,10,11,482,88,7,4,42,31,86,0,22,26,99,28,0,18,6,7,43,52,64,0,0,0,0,2,85,4,120,199,7,271,22,129,0,186,11,14,17,131,0,56,48,10,248,6,168,0,1341,23,2,120,87,12,0,5,122,23,0,0,273,30,3,2,0,82,0,13,130,538,4,185,531,7541,59,5,1735,1408,24,1,259,25,898,368,13,0,342,0,13,38,10
2022-07-01,27,0,53,274,1760,9,208,40,0,1146,1910,6,94,58,19,14,24,0,178,0,50,0,2,11,2,0,0,1,0,3,4,4,0,205,31,100,535,0,3543,1,0,16,475,0,35,123,0,4,42,15,0,0,106,0,0,341,21,0,22,15,12,968,86,10,12,32,13,37,0,35,5,128,15,0,19,7,3,27,36,99,5,0,13,0,0,107,9,69,173,8,385,17,109,0,181,14,31,1,61,0,37,23,19,347,24,151,0,897,111,0,50,69,22,0,15,91,32,1,9,249,61,3,0,0,145,0,32,12,743,6,285,497,8286,73,10,4276,1269,10,6,391,31,788,598,36,0,779,0,6,41,4
2022-08-01,1741,0,134,315,2399,11,343,8,0,474,2201,15,87,9,15,2,14,128,87,0,21,0,1,5,12,0,0,2,0,2,29,0,0,94,0,61,312,0,3526,0,2,24,281,0,78,24,0,21,121,6,0,0,27,7,0,316,20,0,26,0,10,1393,596,4,3,123,7,433,0,193,147,126,18,0,16,6,8,89,27,127,11,0,0,0,6,69,9,200,220,4,764,3,25,0,145,17,20,17,39,0,36,17,4,533,24,152,0,615,52,22,369,28,17,0,5,110,38,0,1,212,28,4,0,0,78,0,23,8,1203,5,628,548,9883,63,4,4489,755,28,2,232,41,710,794,59,0,865,8,6,55,3
2022-09-01,605,5,123,327,2575,26,33,31,5,1199,1838,9,66,18,13,9,17,341,223,0,96,0,1,2,9,0,0,34,0,4,12,1,0,125,0,36,405,0,3927,1,4,7,324,0,173,30,0,52,215,3,0,1,8,3,0,333,17,0,28,30,12,962,215,7,6,33,28,279,1,192,88,367,18,0,289,4,13,32,16,78,9,0,10,0,0,25,44,627,376,35,640,3,18,0,203,21,30,18,64,1164,20,51,28,281,48,93,0,637,143,5,273,95,33,0,59,198,31,1,0,440,11,0,0,0,79,0,95,20,2121,11,583,829,11776,92,2,1858,414,18,0,195,22,1082,532,120,0,0,0,0,71,16
2022-10-01,770,15,83,725,2315,4,305,22,1,1864,1625,5,81,19,9,10,55,1335,182,0,167,10,5,5,27,4,28,29,0,10,37,0,0,222,49,68,1204,163,2353,0,4,6,99,0,19,3,0,11,159,6,42,1,7,3,5,1159,17,65,15,29,11,426,516,17,8,45,53,560,0,81,89,338,38,4,3,14,28,75,5,122,17,97,30,1,4,86,24,1176,536,6,655,7,40,0,172,32,29,14,40,13,50,11,47,463,12,79,0,205,56,1,353,41,62,107,116,98,1,0,6,265,1,9,6,6,57,3,76,18,791,5,278,543,12558,108,14,2233,406,18,7,162,57,721,492,281,0,193,0,5,69,0
2022-11-01,384,9,46,470,1199,4,37,7,0,216,1521,6,101,33,6,4,61,323,186,0,130,7,7,2,13,7,1,1,0,5,17,6,0,271,0,57,1197,44,1737,4,209,3,40,0,64,3,1,38,146,10,39,0,10,3,1,763,22,41,13,18,23,517,107,28,7,17,15,121,14,22,69,198,10,3,18,9,25,13,2,99,7,86,2,0,0,4,66,380,481,1,220,0,16,0,263,10,44,33,57,9,35,15,36,523,8,228,0,198,58,0,733,18,30,153,19,56,5,0,18,326,41,3,0,1,76,7,64,13,1318,6,257,599,7634,28,6,554,137,4,2,118,32,277,419,77,0,0,0,2,140,2
2022-12-01,557,14,49,425,1083,7,209,5,0,748,1200,0,52,2,8,14,113,51,471,0,31,0,1,7,7,3,0,31,0,19,24,12,0,97,0,62,1621,0,1279,7,20,2,89,0,93,12,1,17,133,12,0,0,17,7,0,1230,30,0,24,23,5,618,92,31,3,16,26,25,38,24,29,193,28,0,0,43,16,2,1,269,6,0,2,0,0,20,6,157,180,1,356,8,91,0,94,51,37,30,59,0,48,18,16,846,15,68,0,163,32,2,519,3,66,0,47,152,41,0,12,282,14,2,0,2,89,1,116,35,922,28,132,336,4397,49,16,1022,48,11,1,91,2,570,298,100,0,312,64,6,88,0
2023-01-01,334,9,43,253,641,7,1,0,5,269,232,9,53,22,3,40,103,13,151,0,78,13,0,12,3,28,17,2,0,2,45,5,0,162,5,73,861,51,359,4,8,1,236,0,85,42,1,13,119,7,21,0,13,7,0,652,24,70,12,23,7,69,35,30,9,6,4,21,31,36,36,54,17,0,0,7,25,3,8,169,12,20,18,0,0,29,20,220,194,15,224,3,98,0,101,20,44,25,43,9,31,27,76,414,1,65,0,102,24,6,328,5,82,146,34,176,6,4,4,145,21,12,1,0,82,2,41,26,253,24,98,265,3498,3,1,347,11,9,3,74,5,195,567,127,0,0,0,0,65,0
2023-02-01,55,23,6,240,822,5,187,2,6,144,1110,0,44,8,2,33,426,8,492,0,131,23,11,7,5,44,23,30,0,7,20,15,0,143,32,61,1528,263,316,3,1,2,282,0,53,26,0,3,395,6,104,0,12,6,16,1724,16,199,5,12,3,15,2,7,4,12,16,0,2,4,22,25,16,0,0,16,28,3,0,398,6,74,11,1,3,14,28,368,23,14,254,29,49,0,134,17,21,1,59,44,23,16,62,761,1,49,0,126,15,9,195,6,305,205,53,61,6,0,2,94,15,0,12,1,109,0,43,27,176,15,58,306,2262,9,2,850,9,2,4,54,5,90,287,2,0,0,0,4,44,6
2023-03-01,10,7,13,254,823,8,18,5,0,304,813,1,23,108,5,20,338,43,839,0,151,6,24,17,31,21,0,14,0,20,65,51,0,175,63,170,2717,76,1691,9,3,0,135,0,94,64,0,7,264,3,34,0,15,7,11,1545,26,56,16,28,6,19,0,3,0,10,16,0,3,26,28,181,27,0,4,47,20,1,0,414,15,18,7,1,2,16,11,108,115,0,378,96,118,0,237,47,19,12,46,1,100,4,31,1906,0,26,0,209,20,4,302,0,116,21,185,101,7,1,0,110,34,4,15,1,129,0,56,21,818,14,135,291,3978,61,9,825,3,0,3,63,15,588,363,11,0,0,0,18,42,0
2023-04-01,144,43,44,207,583,0,2,7,6,409,1255,1,19,107,4,145,995,7,444,0,39,10,13,14,48,24,19,48,0,3,19,36,0,66,52,272,2127,138,2120,0,2,2,367,0,137,23,0,2,312,1,86,0,39,2,8,1896,12,113,4,55,4,68,9,1,1,43,18,18,43,49,11,152,15,0,3,47,16,31,0,453,4,126,19,4,7,15,0,558,149,28,690,83,198,0,103,62,11,5,17,10,60,20,23,789,3,24,0,212,30,0,125,0,125,124,188,40,87,5,3,89,81,44,26,0,165,0,63,35,1089,59,147,480,4544,45,35,1178,6,5,0,52,9,841,227,20,0,0,0,15,57,0
2023-05-01,430,18,32,108,735,7,36,15,28,88,1514,0,20,151,3,74,307,11,40,0,31,7,10,5,63,1,9,3,0,12,11,0,0,123,14,26,217,124,1757,5,6,0,250,2,76,31,2,8,57,1,75,0,11,4,4,329,10,109,13,0,4,26,186,1,15,20,19,56,0,70,26,293,29,0,1,0,8,12,0,88,12,109,0,1,12,30,27,333,90,42,483,46,42,0,70,21,49,6,16,19,46,13,13,1260,2,30,0,289,33,7,235,12,22,257,3,26,13,8,3,169,43,3,12,0,119,0,35,28,752,13,349,574,5846,19,5,348,1,3,3,85,12,676,268,95,0,0,0,0,58,0
2023-06-01,510,14,63,230,444,4,143,0,0,249,1549,0,19,71,4,488,1471,0,380,0,44,11,0,30,24,11,41,11,0,1,0,18,0,33,6,49,1146,252,1139,12,43,0,788,3,92,84,3,9,389,2,298,0,38,0,15,1726,8,247,19,24,4,12,214,17,15,23,7,290,33,391,154,140,14,3,3,30,6,4,1,630,9,190,23,6,5,41,31,612,40,14,844,21,142,0,71,30,40,28,20,66,8,23,19,858,12,40,0,249,56,10,327,2,205,960,100,3,46,5,7,188,34,137,0,0,425,1,38,22,814,12,693,651,5632,9,44,1062,3,61,2,180,10,542,288,73,0,0,0,27,45,0
2023-07-01,331,9,59,470,831,7,22,7,8,817,631,0,14,29,1,413,2107,7,1328,1,75,0,1,26,27,18,0,26,0,2,0,56,0,87,9,14,3717,1,592,7,11,0,284,3,388,103,6,10,756,2,52,0,41,0,1,4789,19,3,15,30,0,32,330,16,3,41,17,198,31,186,111,131,12,1,1,123,7,25,0,1344,8,16,1,1,2,39,38,0,62,25,1222,23,486,0,80,121,32,20,57,4,27,23,31,187,6,26,0,165,30,8,560,7,339,1258,511,8,66,7,9,386,2,109,8,1,767,0,193,14,442,19,447,933,8237,37,49,2858,5,10,1,188,24,536,407,157,0,0,0,24,105,1
2023-08-01,332,29,65,820,575,2,75,5,9,1210,773,7,34,60,6,586,1621,1,891,0,125,5,10,33,47,7,44,93,0,111,19,82,0,266,4,22,2723,156,637,2,72,3,597,0,266,102,0,22,1186,9,408,0,136,8,21,3383,57,215,17,13,1,14,155,19,21,87,6,213,2,345,286,185,16,1,10,69,11,92,1,1260,23,231,41,6,30,67,60,394,73,95,1178,10,385,0,46,127,48,27,94,44,52,24,65,167,30,27,0,312,27,6,1158,21,316,1424,220,46,57,2,8,714,1,114,5,9,1326,4,86,25,1095,22,633,1927,11112,70,38,5352,6,3,0,251,65,1613,468,1371,4,0,0,35,147,2
2023-09-01,41,18,54,2526,1029,1,28,1,54,272,542,0,20,25,3,225,886,6,401,0,94,2,1,15,50,4,26,15,0,21,0,18,0,189,18,5,761,71,382,1,158,3,123,0,279,140,0,25,383,8,323,0,15,15,27,1692,65,117,6,1,0,9,183,1,11,153,10,202,0,156,235,99,15,5,0,64,17,14,2,736,20,518,13,47,34,21,41,481,58,85,753,16,199,0,61,56,38,4,118,42,69,15,2,91,2,4,0,111,8,15,1547,3,198,2176,159,358,107,3,0,662,1,54,24,30,1815,4,216,15,658,6,381,4682,14175,6,36,2520,0,2,2,403,196,877,602,6406,22,0,0,9,139,0
2023-10-01,424,5,13,755,605,12,89,6,0,1184,1965,0,41,47,8,8,4,5,60,0,78,25,17,14,103,0,73,0,0,6,71,0,0,55,21,8,21,272,1331,2,188,0,549,1,61,100,2,8,113,7,2211,0,33,6,119,26,58,658,0,29,0,26,316,15,10,42,52,342,0,32,147,152,4,28,18,0,18,34,4,45,3,566,42,58,12,30,10,1355,131,184,509,17,76,0,42,21,23,15,50,151,46,0,48,476,1,80,2,147,70,2,1251,0,39,9075,1,91,23,5,0,256,52,66,9,17,321,1,71,0,1963,11,147,4660,13234,0,2,1508,0,6,0,279,41,2344,559,226,0,0,0,1,88,0
2023-11-01,87,1,5,1209,119,18,0,0,2,677,1948,3,16,44,5,59,153,0,78,0,16,3,4,16,38,0,58,3,0,4,35,0,0,30,0,3,154,170,683,0,146,4,232,0,92,180,0,24,424,6,650,2,54,5,82,429,8,352,6,11,0,33,69,23,17,31,24,7,0,23,46,78,8,12,11,5,12,6,0,343,0,1009,51,101,7,10,42,983,2,37,605,14,92,0,50,23,13,16,19,62,65,5,28,656,0,40,2,54,27,3,439,2,111,1672,20,130,121,5,0,95,12,15,14,36,552,0,92,6,1390,11,213,2535,155,9,22,225,0,0,5,371,19,473,294,114,1,0,0,16,96,0
2023-12-01,87,0,60,2029,142,5,0,0,2,820,1953,0,58,55,0,59,153,1,78,0,25,16,4,19,23,0,43,3,0,4,35,0,0,33,2,1,154,122,689,16,442,7,236,0,85,180,0,13,423,3,70,0,52,17,8,429,40,185,11,24,0,29,69,14,0,46,5,7,0,30,42,37,2,7,11,5,6,6,0,343,6,2642,123,300,24,10,30,530,51,16,768,50,92,0,35,23,17,4,34,99,31,11,22,668,2,95,0,45,27,12,532,7,111,675,20,153,150,0,0,87,68,27,18,49,550,0,62,5,2067,4,188,2015,264,35,26,1056,0,1,2,347,35,155,236,177,44,0,0,16,86,1
2024-01-01,0,0,36,1375,83,21,1,1,6,327,592,0,69,60,8,1,6,0,3,0,25,12,14,2,24,0,0,0,0,3,15,0,0,39,0,0,11,19,199,6,396,17,37,1,302,46,1,35,58,2,141,0,3,4,12,59,21,93,14,6,0,21,0,0,4,31,6,0,0,11,17,80,3,21,1,1,4,1,0,27,2,4232,31,998,4,36,2,423,62,56,327,14,3,0,33,2,33,17,22,51,31,18,16,160,1,76,0,62,11,10,166,7,10,1233,0,54,0,0,0,78,56,3,7,16,107,0,121,6,415,4,48,1057,984,6,3,491,0,0,0,192,5,355,340,3,0,0,0,1,102,0
2024-02-01,0,0,6,2201,209,10,36,0,13,301,628,0,59,4,4,14,47,0,40,0,20,1,0,3,68,0,20,0,0,0,38,0,0,25,4,0,14,47,314,18,535,63,219,1,60,144,0,0,8,1,163,0,11,2,9,50,11,223,11,19,0,3,0,1,0,42,22,0,0,23,25,67,5,13,0,0,3,0,2,8,0,2291,37,621,30,8,0,352,63,353,485,6,4,0,35,8,3,27,22,32,41,32,27,113,2,59,0,29,7,10,155,16,40,987,0,60,0,0,1,72,8,0,0,10,43,0,37,30,363,0,68,1419,749,2,0,207,1,0,2,237,6,500,495,3,0,0,0,1,91,0
2024-03-01,9,14,16,620,169,32,8,5,21,436,1464,0,37,37,4,2,55,0,107,0,31,3,4,5,119,4,1,0,0,2,0,3,0,49,6,0,170,37,406,11,324,77,92,11,74,58,11,2,280,1,28,0,66,17,10,774,17,75,20,2,1,31,0,5,0,107,12,1,0,57,20,49,1,0,1,11,12,2,0,350,2,457,1,16,33,30,9,229,78,219,208,14,56,0,31,24,25,9,17,14,33,27,12,369,0,24,1,23,20,31,89,14,172,264,10,107,93,11,2,51,24,14,10,29,178,2,38,14,1321,17,111,1588,560,17,5,673,11,0,0,249,17,555,623,23,11,0,0,2,77,0
2024-04-01,0,23,61,725,94,18,2,1,24,414,755,0,13,22,1,42,107,0,247,0,7,29,9,5,21,45,36,2,0,0,1,2,0,12,3,3,281,67,126,2,252,21,14,19,131,4,49,8,149,0,236,0,24,1,9,748,3,249,19,6,0,48,0,12,12,46,11,0,0,151,21,59,3,23,0,6,2,4,0,228,1,816,48,34,22,8,8,223,30,47,206,70,25,0,17,12,70,2,20,57,65,17,32,70,3,6,0,24,7,11,78,24,172,1025,59,71,65,60,7,46,12,26,15,23,170,17,63,5,376,20,212,1445,369,18,22,853,0,0,0,268,10,533,985,61,0,0,0,4,107,0
2024-05-01,86,39,89,717,161,17,125,6,31,356,1098,0,75,61,4,7,82,1,105,0,15,3,5,19,56,1,24,0,0,2,26,7,0,18,5,0,192,16,339,5,433,38,103,77,202,38,72,6,185,0,26,0,36,0,1,252,11,196,16,14,0,54,106,10,4,62,13,86,2,121,84,67,2,31,0,4,2,2,0,170,6,429,25,27,0,16,4,144,10,48,311,22,48,0,15,17,129,1,21,36,45,6,21,136,2,33,7,85,20,3,155,19,49,264,4,28,81,141,0,71,29,8,6,61,115,12,102,12,660,155,278,1633,430,14,2,751,1,2,0,210,35,689,1888,20,0,0,0,4,150,1
2024-06-01,145,30,72,581,92,14,131,3,38,389,1205,0,81,20,4,0,4,0,88,0,20,9,5,4,19,0,74,0,0,0,6,6,0,21,0,3,31,54,340,37,332,40,182,153,29,144,107,0,217,0,41,0,32,0,9,143,12,285,5,14,1,28,176,14,9,34,4,53,0,107,15,59,8,25,0,1,1,9,0,94,2,750,38,112,20,52,9,501,19,45,257,12,113,0,18,12,81,8,13,33,44,12,23,216,2,104,22,60,18,3,122,11,36,322,58,1,15,72,0,47,8,6,8,18,285,45,39,2,715,100,284,1144,554,24,2,342,0,1,3,227,17,415,1609,24,0,0,0,2,196,0
2024-07-01,20,11,124,407,261,23,271,5,71,1326,1560,17,89,55,3,4,47,0,51,0,18,3,1,7,14,0,4,0,0,11,14,0,0,11,20,2,72,40,512,43,554,90,244,17,192,242,30,4,91,0,133,0,30,1,2,205,9,274,14,67,1,14,245,5,7,67,16,135,1,171,51,60,2,59,5,0,0,21,2,124,3,632,112,105,5,39,22,162,12,107,191,23,192,0,19,18,50,14,35,55,53,20,87,187,0,79,11,38,42,2,218,5,21,794,1,17,104,33,0,132,12,11,4,85,119,32,133,14,1644,10,478,2200,570,14,6,1187,3,2,1,200,11,320,2035,32,0,0,0,2,112,2
2024-08-01,190,9,149,675,272,11,178,0,86,1330,1391,0,9,30,3,5,36,4,136,0,14,1,8,7,48,0,6,0,0,5,8,0,0,7,0,2,31,37,460,4,758,36,585,20,233,148,42,3,64,0,349,0,11,3,13,244,8,271,11,43,1,39,230,11,28,200,35,148,5,148,49,71,3,94,5,7,3,95,1,159,1,1120,41,111,29,49,11,116,15,205,197,21,90,0,12,18,39,4,40,48,52,8,17,330,8,95,60,123,48,16,206,26,21,1962,72,9,44,13,0,317,4,27,10,95,240,47,225,9,1857,12,519,3140,894,35,1,1554,5,6,2,287,24,697,1536,34,4,0,0,6,97,1
2024-09-01,228,12,110,623,207,11,256,8,106,1035,1701,0,11,48,6,0,5,0,66,0,17,23,4,1,73,0,57,0,0,4,6,0,0,15,0,3,42,267,518,39,802,91,166,95,289,47,81,11,139,0,409,1,6,3,24,251,14,850,6,2,0,92,263,3,16,143,27,180,6,239,106,63,5,125,1,6,0,39,0,114,2,1548,41,284,4,38,23,659,58,57,278,28,24,0,28,12,66,10,40,163,42,9,55,411,7,64,18,90,91,5,276,9,31,977,32,8,89,69,0,311,9,43,31,103,219,19,275,15,2076,39,553,3304,652,16,0,553,1,1,0,335,15,915,1580,42,660,0,0,0,170,0
2024-10-01,210,9,55,1554,287,10,121,7,22,1009,890,0,92,99,2,2,8,2,15,0,12,3,5,10,93,0,8,0,0,0,0,8,0,44,5,4,48,57,437,37,928,29,173,11,379,251,33,12,166,0,412,0,5,0,16,313,4,207,19,14,1,46,119,2,3,148,25,28,0,185,180,44,4,100,1,0,3,4,1,122,3,673,104,242,15,9,30,173,58,60,231,34,33,0,21,21,50,8,52,75,107,7,66,356,4,258,59,89,52,3,297,15,57,1424,9,34,84,16,0,321,8,15,22,183,326,12,291,31,1177,8,303,2748,537,28,2,678,4,1,0,359,18,553,1663,21,250,0,0,2,219,0
2024-11-01,176,4,103,2788,98,18,190,3,0,1938,1813,12,59,21,2,4,17,10,201,0,15,0,12,2,48,0,0,2,0,2,8,0,0,11,9,8,139,0,551,27,627,11,315,25,214,170,25,1,240,1,0,1,35,7,0,466,27,0,0,0,0,9,61,0,18,74,36,46,0,86,69,60,0,29,1,5,1,55,0,233,6,0,1,0,4,51,29,775,18,118,388,13,110,0,12,20,2,9,51,6900,68,0,246,697,5,184,43,13,56,2,200,13,63,0,48,78,70,22,1,186,17,42,12,51,320,0,212,0,1515,2,349,1866,471,21,1,379,4,1,0,240,14,419,1096,24,407,0,0,5,126,0
