origin,destination,year,migration_flow,push_ratio,pull_ratio,n_articles,origin_key,destination_key,origin_Country_key,origin_gpi,origin_hdi,origin_life_expectancy,origin_expected_schooling,origin_mean_schooling,origin_gdp_per_capita,origin_latitude,origin_longitude,dest_Country_key,dest_gpi,dest_hdi,dest_life_expectancy,dest_expected_schooling,dest_mean_schooling,dest_gdp_per_capita,dest_latitude,dest_longitude,distance_km,log_origin_gdp_pc,log_dest_gdp_pc,log_distance_km,gdp_pc_diff,hdi_diff,gpi_diff,pair_id,log_migration_flow,pred_log_migration_flow,pred_migration_flow,residual_log
Ukraine,Poland,2021,150000,0.55,0.1,20,ukraine,poland,ukraine,3.434,0.779,73.4,13.3,11.1,5389.47314453125,48.379433,31.16558,poland,1.713,0.906,78.6,16.7,13.2,25103.565661423,51.919438,19.145136,941.1101682151296,8.592388441967179,10.130805007439758,6.8481222191341855,19714.09251689175,0.127,-1.721,ukraine__poland,11.918397239722838,12.18204378590992,195250.50698592525,-0.2636465461870827
Ukraine,Poland,2022,520000,0.75,0.05,40,ukraine,poland,ukraine,3.434,0.779,73.4,13.3,11.1,5389.47314453125,48.379433,31.16558,poland,1.713,0.906,78.6,16.7,13.2,25103.565661423,51.919438,19.145136,941.1101682151296,8.592388441967179,10.130805007439758,6.8481222191341855,19714.09251689175,0.127,-1.721,ukraine__poland,13.161586013632684,13.127276854794058,502461.7841572381,0.034309158838626175
Ukraine,Poland,2023,300000,0.6,0.08,25,ukraine,poland,ukraine,3.434,0.779,73.4,13.3,11.1,5389.47314453125,48.379433,31.16558,poland,1.713,0.906,78.6,16.7,13.2,25103.565661423,51.919438,19.145136,941.1101682151296,8.592388441967179,10.130805007439758,6.8481222191341855,19714.09251689175,0.127,-1.721,ukraine__poland,12.611541086966115,12.420250196555852,247767.5186081584,0.19129089041026326
Mexico,United States,2021,700000,0.45,0.25,50,mexico,united states,mexico,2.636,0.789,75.1,14.5,9.3,14185.7812248529,23.634501,-102.552784,united states,2.443,0.938,79.3,15.9,13.9,84534.0407841548,37.09024,-95.712891,1632.5292513271158,9.560065910374933,11.344921411223837,7.398498138029319,70348.25955930189,0.1489999999999999,-0.19300000000000006,mexico__united states,13.45883704259595,13.339883869989217,621494.4506716497,0.11895317260673366
Mexico,United States,2022,850000,0.5,0.3,60,mexico,united states,mexico,2.636,0.789,75.1,14.5,9.3,14185.7812248529,23.634501,-102.552784,united states,2.443,0.938,79.3,15.9,13.9,84534.0407841548,37.09024,-95.712891,1632.5292513271158,9.560065910374933,11.344921411223837,7.398498138029319,70348.25955930189,0.1489999999999999,-0.19300000000000006,mexico__united states,13.652992804936396,13.765586025441014,951300.2140940371,-0.11259322050461762
Mexico,United States,2023,780000,0.48,0.28,55,mexico,united states,mexico,2.636,0.789,75.1,14.5,9.3,14185.7812248529,23.634501,-102.552784,united states,2.443,0.938,79.3,15.9,13.9,84534.0407841548,37.09024,-95.712891,1632.5292513271158,9.560065910374933,11.344921411223837,7.398498138029319,70348.25955930189,0.1489999999999999,-0.19300000000000006,mexico__united states,13.567050480716235,13.554262813239314,770089.1102174937,0.012787667476921172
Syria,Turkey,2021,400000,0.8,0.05,35,syria,turkey,,,,,,,,,,,,,,,,,,,,,,,,,,syria__turkey,12.899222326086994,12.960197220145686,425148.9546499947,-0.06097489405869183
Syria,Turkey,2022,350000,0.78,0.06,30,syria,turkey,,,,,,,,,,,,,,,,,,,,,,,,,,syria__turkey,12.765691290604371,12.741281434244401,341559.95507921494,0.02440985635996995
Syria,Turkey,2023,320000,0.72,0.08,28,syria,turkey,,,,,,,,,,,,,,,,,,,,,,,,,,syria__turkey,12.676079399771027,12.620615484713149,302734.7175903131,0.055463915057877955
