origin,destination,year,migration_flow,pred_migration_flow,Difference,Error,,,,,month,push_count,pull_count,mixed_count,unclear_count,n_articles,gpi_mentions,hdi_mentions,life_expectancy_mentions,expected_schooling_mentions,gdp_per_capita_mentions,distance_mentions,push_ratio,pull_ratio,mixed_ratio,unclear_ratio,w_gpi,w_hdi,w_life_expectancy,w_expected_schooling,w_gdp_per_capita,w_distance,origin_key,destination_key,origin_Country_key,origin_gpi,origin_hdi,origin_life_expectancy,origin_expected_schooling,origin_mean_schooling,origin_gdp_per_capita,origin_latitude,origin_longitude,dest_Country_key,dest_gpi,dest_hdi,dest_life_expectancy,dest_expected_schooling,dest_mean_schooling,dest_gdp_per_capita,dest_latitude,dest_longitude,distance_km,log_origin_gdp_pc,log_dest_gdp_pc,log_distance_km,gdp_pc_diff,hdi_diff,gpi_diff,pair_id,log_migration_flow,pred_log_migration_flow,,residual_log
Syria,Turkey,2021-11,5519,6237.1061508367,718.1061508367,13.0115265598241,Average Error %,23.2762659154241,,,2021-11,100,1,1,7,109,1247,15,39,60,68,174,0.91743119266055,0.0091743119266055,0.0091743119266055,0.0642201834862385,0.000801282051282051,0.0625,0.025,0.0163934426229508,0.0144927536231884,0.00571428571428571,syria,turkey,syria,3.184,0.564,72.1,7.4,5.9,1230,33.6629894,36.9216385,turkey,2.852,0.853,77.2,19.8,9,15127,38.1916424,33.552778,587.756489957337,7.11558212618445,9.62430261033829,6.37801266855197,13897,0.289,-0.332,syria__turkey,8.61613313927114,8.7384319138291,,-0.122298774557962
Syria,Turkey,2021-12,5096,6100.04131126729,1004.04131126729,19.7025375052451,Median Error %,21.1322562802865,,,2021-12,15,1,2,3,21,168,0,3,7,3,60,0.714285714285714,0.0476190476190476,0.0952380952380952,0.142857142857143,0.00591715976331361,1,0.25,0.125,0.25,0.0163934426229508,syria,turkey,syria,3.184,0.564,72.1,7.4,5.9,1230,33.6629894,36.9216385,turkey,2.852,0.853,77.2,19.8,9,15127,38.1916424,33.552778,587.756489957337,7.11558212618445,9.62430261033829,6.37801266855197,13897,0.289,-0.332,syria__turkey,8.53640741034004,8.71621474235779,,-0.179807332017749
Syria,Turkey,2022-01,8672,6552.66216735826,2119.33783264174,24.4388587712378,,,,,2022-01,42,2,3,4,51,584,13,5,15,49,90,0.823529411764706,0.0392156862745098,0.0588235294117647,0.0784313725490196,0.00170940170940171,0.0714285714285714,0.166666666666667,0.0625,0.02,0.010989010989011,syria,turkey,syria,3.184,0.564,72.1,7.4,5.9,1230,33.6629894,36.9216385,turkey,2.852,0.853,77.2,19.8,9,15127,38.1916424,33.552778,587.756489957337,7.11558212618445,9.62430261033829,6.37801266855197,13897,0.289,-0.332,syria__turkey,9.06797003068446,8.78777928190615,,0.280190748778306
Syria,Turkey,2022-02,7932,5678.68017441983,2253.31982558017,28.4079655267293,,,,,2022-02,21,0,0,2,23,197,2,2,9,22,60,0.91304347826087,0,0,0.0869565217391304,0.00505050505050505,0.333333333333333,0.333333333333333,0.1,0.0434782608695652,0.0163934426229508,syria,turkey,syria,3.184,0.564,72.1,7.4,5.9,1230,33.6629894,36.9216385,turkey,2.852,0.853,77.2,19.8,9,15127,38.1916424,33.552778,587.756489957337,7.11558212618445,9.62430261033829,6.37801266855197,13897,0.289,-0.332,syria__turkey,8.978786553302,8.64465020280943,,0.334136350492574
Syria,Turkey,2022-03,7325,6066.24827610956,1258.75172389044,17.1843238756374,Average Difference,1468.02355767191,,,2022-03,8,1,0,2,11,121,1,0,1,6,37,0.727272727272727,0.0909090909090909,0,0.181818181818182,0.00819672131147541,0.5,1,0.5,0.142857142857143,0.0263157894736842,syria,turkey,syria,3.184,0.564,72.1,7.4,5.9,1230,33.6629894,36.9216385,turkey,2.852,0.853,77.2,19.8,9,15127,38.1916424,33.552778,587.756489957337,7.11558212618445,9.62430261033829,6.37801266855197,13897,0.289,-0.332,syria__turkey,8.89918494333876,8.71066044948996,,0.188524493848799
Syria,Turkey,2022-04,11043,5647.22101490483,5395.77898509517,48.8615320573682,Median Difference,1258.75172389044,,,2022-04,8,0,1,1,10,96,2,1,2,6,24,0.8,0,0.1,0.1,0.0103092783505155,0.333333333333333,0.5,0.333333333333333,0.142857142857143,0.04,syria,turkey,syria,3.184,0.564,72.1,7.4,5.9,1230,33.6629894,36.9216385,turkey,2.852,0.853,77.2,19.8,9,15127,38.1916424,33.552778,587.756489957337,7.11558212618445,9.62430261033829,6.37801266855197,13897,0.289,-0.332,syria__turkey,9.30964257305005,8.6390959099416,,0.670546663108444
Syria,Turkey,2022-05,6234,5999.22269739742,234.77730260258,3.76607800132468,,,,,2022-05,5,1,0,0,6,45,0,3,12,13,2,0.833333333333333,0.166666666666667,0,0,0.0217391304347826,1,0.25,0.0769230769230769,0.0714285714285714,0.333333333333333,syria,turkey,syria,3.184,0.564,72.1,7.4,5.9,1230,33.6629894,36.9216385,turkey,2.852,0.853,77.2,19.8,9,15127,38.1916424,33.552778,587.756489957337,7.11558212618445,9.62430261033829,6.37801266855197,13897,0.289,-0.332,syria__turkey,8.73793385811414,8.69955186375431,,0.0383819943598311
Syria,Turkey,2022-06,5511,5647.22101490483,136.22101490483,2.47180212129972,,,,,2022-06,9,0,1,1,11,101,0,0,4,7,16,0.818181818181818,0,0.0909090909090909,0.0909090909090909,0.00980392156862745,1,1,0.2,0.125,0.0588235294117647,syria,turkey,syria,3.184,0.564,72.1,7.4,5.9,1230,33.6629894,36.9216385,turkey,2.852,0.853,77.2,19.8,9,15127,38.1916424,33.552778,587.756489957337,7.11558212618445,9.62430261033829,6.37801266855197,13897,0.289,-0.332,syria__turkey,8.6146828126935,8.6390959099416,,-0.0244130972481056
Syria,Turkey,2022-07,6105,5999.22269739742,105.77730260258,1.73263394926422,,,,,2022-07,6,1,1,0,8,135,0,0,2,7,39,0.75,0.125,0.125,0,0.00735294117647059,1,1,0.333333333333333,0.125,0.025,syria,turkey,syria,3.184,0.564,72.1,7.4,5.9,1230,33.6629894,36.9216385,turkey,2.852,0.853,77.2,19.8,9,15127,38.1916424,33.552778,587.756489957337,7.11558212618445,9.62430261033829,6.37801266855197,13897,0.289,-0.332,syria__turkey,8.71702717329482,8.69955186375431,,0.0174753095405187
Syria,Turkey,2022-08,4129,5615.93610441212,1486.93610441212,36.0120151225991,,,,,2022-08,4,0,0,0,4,32,1,0,0,0,3,1,0,0,0,0.0303030303030303,0.5,1,1,1,0.25,syria,turkey,syria,3.184,0.564,72.1,7.4,5.9,1230,33.6629894,36.9216385,turkey,2.852,0.853,77.2,19.8,9,15127,38.1916424,33.552778,587.756489957337,7.11558212618445,9.62430261033829,6.37801266855197,13897,0.289,-0.332,syria__turkey,8.32603268595508,8.63354161707377,,-0.307508931118692
Syria,Turkey,2022-09,4688,5678.68017441983,990.68017441983,21.1322562802865,,,,,2022-09,4,0,0,2,6,51,0,0,2,5,2,0.666666666666667,0,0,0.333333333333333,0.0192307692307692,1,1,0.333333333333333,0.166666666666667,0.333333333333333,syria,turkey,syria,3.184,0.564,72.1,7.4,5.9,1230,33.6629894,36.9216385,turkey,2.852,0.853,77.2,19.8,9,15127,38.1916424,33.552778,587.756489957337,7.11558212618445,9.62430261033829,6.37801266855197,13897,0.289,-0.332,syria__turkey,8.45297461908959,8.64465020280943,,-0.191675583719842
Syria,Turkey,2022-10,4707,6032.64241706931,1325.64241706931,28.1632125997303,,,,,2022-10,7,1,1,1,10,74,5,10,6,0,34,0.7,0.1,0.1,0.1,0.0133333333333333,0.166666666666667,0.0909090909090909,0.142857142857143,1,0.0285714285714286,syria,turkey,syria,3.184,0.564,72.1,7.4,5.9,1230,33.6629894,36.9216385,turkey,2.852,0.853,77.2,19.8,9,15127,38.1916424,33.552778,587.756489957337,7.11558212618445,9.62430261033829,6.37801266855197,13897,0.289,-0.332,syria__turkey,8.45701846838017,8.70510615662213,,-0.248087688241965
Syria,Turkey,2022-11,3561,5615.93610441212,2054.93610441212,57.7067145299668,,,,,2022-11,9,0,0,0,9,101,0,2,0,1,20,1,0,0,0,0.00980392156862745,1,0.333333333333333,1,0.5,0.0476190476190476,syria,turkey,syria,3.184,0.564,72.1,7.4,5.9,1230,33.6629894,36.9216385,turkey,2.852,0.853,77.2,19.8,9,15127,38.1916424,33.552778,587.756489957337,7.11558212618445,9.62430261033829,6.37801266855197,13897,0.289,-0.332,syria__turkey,8.17807746384961,8.63354161707377,,-0.455464153224163
,,,,,,,,,,,,,,,,,,,,,,,,,,,,,,,,,,,,,,,,,,,,,,,,,,,,,,,,,,,,,,,,
,,,,,,,,,,,,,,,,,,,,,,,,,,,,,,,,,,,,,,,,,,,,,,,,,,,,,,,,,,,,,,,,
,,,,,,,,,,,,,,,,,,,,,,,,,,Average,0.0110424150655488,0.6128663003663,0.53455710955711,0.324897974031013,0.277060041407867,0.0917297418224454,,,,,,,,,,,,,,,,,,,,,,,,,,,,,,,,
,,,,,,,,,,,,,,,,,,,,,,,,,,,1.10424150655488,61.28663003663,53.455710955711,32.4897974031013,27.7060041407867,9.17297418224454,,,,,,,,,,,,,,,,,,,,,,,,,,,,,,,,
,,,,,,,,,,,,,,,,,,,,,,,,,,,,,,,,,,,,,,,,,,,,,,,,,,,,,,,,,,,,,,,,
,,,,,,,,,,,,,,,,,,,,,,,,,,,,,,,,,,,,,,,,,,,,,,,,,,,,,,,,,,,,,,,,
,,,,,,,,,,,,,,,,,,,,,,,,,,Median,0.00980392156862745,0.5,0.333333333333333,0.2,0.142857142857143,0.0285714285714286,,,,,,,,,,,,,,,,,,,,,,,,,,,,,,,,
,,,,,,,,,,,,,,,,,,,,,,,,,,,0.980392156862745,50,33.3333333333333,20,14.2857142857143,2.85714285714286,,,,,,,,,,,,,,,,,,,,,,,,,,,,,,,,
